,url,url_mobile,title,seendate,socialimage,domain,language,sourcecountry
0,https://www.albawaba.com/business/ethereum-could-surge-if-happens-1477274,https://www.albawaba.com/amp/business/ethereum-could-surge-if-happens-1477274,Ethereum Could Surge if This Happens,20220518T120000Z,https://www.albawaba.com/sites/default/files/styles/default/public/2022-05/shutterstock_1030451626.jpg?itok=oh0Odoxu,albawaba.com,English,Israel
1,https://news.webindia123.com/news/Articles/Business/20220518/3942794.html,,Ethereum ( ETH ) and Calyx Token ( CLX ) could soar if this happens,20220518T071500Z,,news.webindia123.com,English,India
2,https://techcabal.com/2022/05/30/ethereum-eth-and-2-more-coins-built-on-it-calyx-token-clx-and-cardano-ada/,,Ethereum ( ETH ) and 2 More Coins Built on It : Calyx Token ( CLX ) and Cardano ( ADA ) ,20220530T133000Z,https://x7d4c5z5.stackpathcdn.com/wp-content/uploads/tc/2022/05/image-97.png,techcabal.com,English,Nigeria
3,https://techcabal.com/2022/05/29/three-coins-that-could-transform-the-crypto-industry-ethereum-eth-sanzooz-finance-snft-and-solana-sol/,,"Three Coins That Could Transform The Crypto Industry : Ethereum ( ETH ), Sanzooz Finance ( SNFT ), and Solana ( SOL ) ",20220529T190000Z,https://x7d4c5z5.stackpathcdn.com/wp-content/uploads/tc/2022/05/image-91.png,techcabal.com,English,Nigeria
4,https://www.alphr.com/three-coins-you-dont-want-to-miss-this-spring-mountanaz-mnaz-ethereum-eth-binance-bnb/,,"Three Coins You Dont Want To Miss This Spring : Mountanaz ( MNAZ ), Ethereum ( ETH ), Binance ( BNB ) ",20220520T000000Z,https://i2.wp.com/www.alphr.com/wp-content/uploads/2022/05/image1-2.jpeg?fit=569%2C320&ssl=1,alphr.com,English,United Kingdom
5,https://techcabal.com/2022/05/23/logarithmic-finance-log-presale-gains-popularity-as-binance-coin-bnb-and-ethereum-eth-begin-correction/,,Logarithmic Finance ( LOG ) Presale Gains Popularity as Binance Coin ( BNB ) and Ethereum ( ETH ) Begin Correction,20220523T100000Z,https://x7d4c5z5.stackpathcdn.com/wp-content/uploads/tc/2022/05/image-30.png,techcabal.com,English,Nigeria
6,https://www.alphr.com/enjoy-better-transaction-speed-and-reduced-gas-fees-with-logarithmic-finance-log-binance-bnb-and-ethereum-eth/,,Enjoy Better Transaction Speed and Reduced Gas fees With Logarithmic Finance ( LOG ) ,20220519T004500Z,https://i2.wp.com/www.alphr.com/wp-content/uploads/2022/05/image2-1.jpeg?fit=320%2C320&ssl=1,alphr.com,English,United Kingdom
7,https://www.coinspeaker.com/mushe-token-become-next-big-thing-in-crypto-world-compete-ethereum-solana/,https://www.coinspeaker.com/mushe-token-become-next-big-thing-in-crypto-world-compete-ethereum-solana/amp/,Can Mushe Token ( XMU ) Become the Next Big Thing in the Crypto World ? How Does It Compete with Crypto Giants Like Ethereum ( ETH ) and Solana ( SOL )? ,20220523T200000Z,https://www.coinspeaker.com/wp-content/uploads/2022/05/mushe-token-become-next-big-thing-in-crypto-world-compete-ethereum-solana.jpg,coinspeaker.com,English,United States
8,https://www.dailyfx.com/forex/fundamental/forecast/weekly/title/2022/07/09/Bitcoin-BTC-Ethereum-ETH-Forecasts-Grinding-Higher-in-Quiet-Conditions.html,https://www.dailyfx.com/forex/fundamental/forecast/weekly/title/2022/07/09/Bitcoin-BTC-Ethereum-ETH-Forecasts-Grinding-Higher-in-Quiet-Conditions.html/amp,"Bitcoin ( BTC ), Ethereum ( ETH ) Forecasts – Grinding Higher in Quiet Conditions",20220709T094500Z,https://a.c-dn.net/b/2VEZHf/headline_iStock-696301332.jpg,dailyfx.com,English,China
9,https://www.dailyfx.com/forex/market_alert/2022/08/05/Bitcoin-BTC-Ethereum-ETH-Latest-Time-for-Volatility-to-Pick-Up.html,https://www.dailyfx.com/forex/market_alert/2022/08/05/Bitcoin-BTC-Ethereum-ETH-Latest-Time-for-Volatility-to-Pick-Up.html/amp,"Bitcoin ( BTC ), Ethereum ( ETH ) Latest – Time for Volatility to Pick Up",20220805T133000Z,https://a.c-dn.net/b/17SguU/headline_Bitcoin_1.jpg,dailyfx.com,English,China
10,https://techcabal.com/2022/06/01/can-mushe-token-xmu-match-crypto-veterans-like-litecoin-ltc-and-ethereum-eth/,,Can Mushe Token ( XMU ) Match Crypto Veterans Like Litecoin ( LTC ) and Ethereum ( ETH )? ,20220601T080000Z,https://x7d4c5z5.stackpathcdn.com/wp-content/uploads/tc/2022/06/image.png,techcabal.com,English,Nigeria
11,https://www.coinspeaker.com/web3-leaders-crypto-world-sandbox-decentraland-pacman-frog/,https://www.coinspeaker.com/web3-leaders-crypto-world-sandbox-decentraland-pacman-frog/amp/,"New Web3 Leaders in the Crypto World ? Sandbox ( SAND ), Decentraland ( MANA ), and Pac - Man Frog ( PAC ) ",20220520T123000Z,https://www.coinspeaker.com/wp-content/uploads/2022/05/web3-leaders-crypto-world-sandbox-decentraland-pacman-frog.jpg,coinspeaker.com,English,United States
12,https://www.gobankingrates.com/investing/crypto/ethereum-price-prediction/,https://www.gobankingrates.com/investing/crypto/ethereum-price-prediction/amp/,Ethereum ( ETH ) Price Prediction 2022,20220610T214500Z,https://cdn.gobankingrates.com/wp-content/uploads/2021/11/iStock-1326670926-2.jpg,gobankingrates.com,English,United States
13,https://www.chinanationalnews.com/news/272555718/ethereum-eth-and-calyx-token-clx-could-soar-if-this-happens,,Ethereum ( ETH ) and Calyx Token ( CLX ) could soar if this happens,20220518T123000Z,https://cdn.bignewsnetwork.com/ani1652857709.jpg,chinanationalnews.com,English,China
14,https://www.shanghaisun.com/news/272555718/ethereum-eth-and-calyx-token-clx-could-soar-if-this-happens,,Ethereum ( ETH ) and Calyx Token ( CLX ) could soar if this happens,20220518T123000Z,https://cdn.bignewsnetwork.com/ani1652857709.jpg,shanghaisun.com,English,China
15,https://www.japanherald.com/news/272555718/ethereum-eth-and-calyx-token-clx-could-soar-if-this-happens,,Ethereum ( ETH ) and Calyx Token ( CLX ) could soar if this happens,20220518T100000Z,https://cdn.bignewsnetwork.com/ani1652857709.jpg,japanherald.com,English,Japan
16,https://www.australiannews.net/news/272555718/ethereum-eth-and-calyx-token-clx-could-soar-if-this-happens,,Ethereum ( ETH ) and Calyx Token ( CLX ) could soar if this happens,20220518T103000Z,https://cdn.bignewsnetwork.com/ani1652857709.jpg,australiannews.net,English,Australia
17,https://www.newyorktelegraph.com/news/272555718/ethereum-eth-and-calyx-token-clx-could-soar-if-this-happens,,Ethereum ( ETH ) and Calyx Token ( CLX ) could soar if this happens,20220518T090000Z,https://cdn.bignewsnetwork.com/ani1652857709.jpg,newyorktelegraph.com,English,United States
18,https://www.newyorkstatesman.com/news/272555718/ethereum-eth-and-calyx-token-clx-could-soar-if-this-happens,,Ethereum ( ETH ) and Calyx Token ( CLX ) could soar if this happens,20220518T090000Z,https://cdn.bignewsnetwork.com/ani1652857709.jpg,newyorkstatesman.com,English,United States
19,https://www.singaporestar.com/news/272555718/ethereum-eth-and-calyx-token-clx-could-soar-if-this-happens,,Ethereum ( ETH ) and Calyx Token ( CLX ) could soar if this happens,20220518T091500Z,https://cdn.bignewsnetwork.com/ani1652857709.jpg,singaporestar.com,English,Singapore
20,https://www.indiagazette.com/news/272555718/ethereum-eth-and-calyx-token-clx-could-soar-if-this-happens,,Ethereum ( ETH ) and Calyx Token ( CLX ) could soar if this happens,20220518T073000Z,https://cdn.bignewsnetwork.com/ani1652857709.jpg,indiagazette.com,English,India
21,https://www.shanghainews.net/news/272555718/ethereum-eth-and-calyx-token-clx-could-soar-if-this-happens,,Ethereum ( ETH ) and Calyx Token ( CLX ) could soar if this happens,20220518T080000Z,https://cdn.bignewsnetwork.com/ani1652857709.jpg,shanghainews.net,English,China
22,https://www.newzealandstar.com/news/272555718/ethereum-eth-and-calyx-token-clx-could-soar-if-this-happens,,Ethereum ( ETH ) and Calyx Token ( CLX ) could soar if this happens,20220518T080000Z,https://cdn.bignewsnetwork.com/ani1652857709.jpg,newzealandstar.com,English,New Zealand
23,https://www.beijingbulletin.com/news/272555718/ethereum-eth-and-calyx-token-clx-could-soar-if-this-happens,,Ethereum ( ETH ) and Calyx Token ( CLX ) could soar if this happens,20220518T081500Z,https://cdn.bignewsnetwork.com/ani1652857709.jpg,beijingbulletin.com,English,China
24,https://www.dailyfx.com/forex/market_alert/2022/08/08/Ethereum-ETH-Price-Outlook-The-Most-Important-Week-for-Ethereum-Merge-Test.html,https://www.dailyfx.com/forex/market_alert/2022/08/08/Ethereum-ETH-Price-Outlook-The-Most-Important-Week-for-Ethereum-Merge-Test.html/amp,Ethereum ( ETH ) Price Outlook : The Most Important Week for Ethereum Merge Test,20220808T123000Z,https://a.c-dn.net/b/1j0y8O/headline_Bitcoin_1.jpg,dailyfx.com,English,China
25,https://www.dailyfx.com/forex/market_alert/2022/08/09/Ethereum-ETH-Price-Outlook-The-Most-Important-Week-for-Ethereum-Merge-Test.html,https://www.dailyfx.com/forex/market_alert/2022/08/09/Ethereum-ETH-Price-Outlook-The-Most-Important-Week-for-Ethereum-Merge-Test.html/amp,Ethereum ( ETH ) Price Outlook : The Most Important Week for Ethereum Merge Test,20220809T120000Z,https://a.c-dn.net/b/1j0y8O/headline_Bitcoin_1.jpg,dailyfx.com,English,China
26,https://www.dailyfx.com/forex/market_alert/2022/08/12/Ethereum-ETH-Continues-to-Outperform-on-Positive-Merge-News.html,https://www.dailyfx.com/forex/market_alert/2022/08/12/Ethereum-ETH-Continues-to-Outperform-on-Positive-Merge-News.html/amp,Ethereum ( ETH ) Continues to Outperform on Positive Merge News,20220812T110000Z,https://a.c-dn.net/b/0qBuFG/headline_trading1.jpg,dailyfx.com,English,China
27,https://techcabal.com/2022/05/28/can-sanzooz-finances-szft-pump-in-2022-beat-polkadot-dot-and-ethereum-eth-editpump-in-previous-years/,,Can Sanzooz Finance ( SZFT ) Pump in 2022 Beat Polkadot ( DOT ) and Ethereum ( ETH ) [ Edit ] Pump in Previous Years ? ,20220528T091500Z,https://x7d4c5z5.stackpathcdn.com/wp-content/uploads/tc/2022/05/image-87.png,techcabal.com,English,Nigeria
28,https://www.coinspeaker.com/logarithmic-finance-shake-cryptoberse/,https://www.coinspeaker.com/logarithmic-finance-shake-cryptoberse/amp/,Logarithmic Finance ( LOG ) Set to Shake the  Cryptoverse  Like Heavyweights : Bitcoin ( BTC ) and Ethereum ( ETH ) ,20220621T140000Z,https://www.coinspeaker.com/wp-content/uploads/2022/06/203953-2_2.png,coinspeaker.com,English,United States
29,https://www.theportugalnews.com/news/2022-06-04/the-secure-and-profitable-benefits-of-liquid-staking-with-ethereum-eth-filecon-fil-and-cashfi-cfi/67639,https://amp.theportugalnews.com/news/2022-06-04/the-secure-and-profitable-benefits-of-liquid-staking-with-ethereum-eth-filecon-fil-and-cashfi-cfi/67639,"The Secure and Profitable Benefits of Liquid Staking with Ethereum ( ETH ), Filecon ( FIL ) and CashFi ( CFI ) ",20220604T154500Z,https://tpn-1.s3.eu-west-2.amazonaws.com/media/4498/CEM3.png,theportugalnews.com,English,Portugal
30,https://invezz.com/news/2022/07/18/eth-increases-27-in-7-days-can-it-keep-up-this-momentum/,https://invezz.com/news/2022/07/18/eth-increases-27-in-7-days-can-it-keep-up-this-momentum/?amp,"ETH increases 27 % in 7 days , can it keep up this momentum ? ",20220718T144500Z,https://invezz.com/wp-content/uploads/2021/08/ethereum-growth-scaled.jpg,invezz.com,English,United Kingdom
31,https://www.theportugalnews.com/news/2022-06-05/the-next-big-cryptocurrency-altcoins-ethereum-eth-solana-sol-and-mushe-xmu/67642,https://amp.theportugalnews.com/news/2022-06-05/the-next-big-cryptocurrency-altcoins-ethereum-eth-solana-sol-and-mushe-xmu/67642,"The Next Big Cryptocurrency Altcoins – Ethereum ( ETH ), Solana ( SOL ) and Mushe ( XMU ) ",20220605T160000Z,https://tpn-1.s3.eu-west-2.amazonaws.com/media/4506/CEM11.png,theportugalnews.com,English,Portugal
32,https://www.coinspeaker.com/eth-hashrate-all-time-high-correction/,https://www.coinspeaker.com/eth-hashrate-all-time-high-correction/amp/,Ethereum ( ETH ) Hashrate Hits New All - Time High despite Strong Market Correction,20220516T074500Z,https://www.coinspeaker.com/wp-content/uploads/2022/05/eth-hashrate-all-time-high-correction.jpg,coinspeaker.com,English,United States
33,https://article.wn.com/view/2022/07/29/BitcoinBTC_And_EthereumETH_Price_Face_Rejection_At_Crucial_L/,,Bitcoin ( BTC ) And Ethereum ( ETH ) Price Face Rejection At Crucial Levels : What Next ? ￼￼,20220729T200000Z,https://ecdn2.wn.com/o25/ph/img/27/a6/0d26a3984d8c2835efba4c622440-grande.jpg,article.wn.com,English,United States
34,https://www.coinspeaker.com/eth-gas-fee-ten-month-low/,https://www.coinspeaker.com/eth-gas-fee-ten-month-low/amp/,"ETH Price Tanks Under $1 , 900 , Gas Fee on Ethereum Drops to Ten - Month Low",20220526T144500Z,https://www.coinspeaker.com/wp-content/uploads/2022/05/eth-gas-fee-ten-month-low.jpg,coinspeaker.com,English,United States
35,https://invezz.com/news/2022/06/27/will-ethereum-eth-fall-under-1000-or-can-it-get-back-up-in-value/,https://invezz.com/news/2022/06/27/will-ethereum-eth-fall-under-1000-or-can-it-get-back-up-in-value/?amp,"Will Ethereum ( ETH ) fall under $1 , 000 or can it get back up in value ? ",20220627T111500Z,https://invezz.com/wp-content/uploads/2022/06/eth-09.jpg,invezz.com,English,United Kingdom
36,https://invezz.com/news/2022/06/01/ropsten-beacon-chain-was-launched-on-a-testnet-should-you-buy-eth/,https://invezz.com/news/2022/06/01/ropsten-beacon-chain-was-launched-on-a-testnet-should-you-buy-eth/?amp,"Ropsten Beacon Chain was launched on a testnet , should you buy ETH ? ",20220601T150000Z,https://invezz.com/wp-content/uploads/2022/06/ethereum-009.jpg,invezz.com,English,United Kingdom
37,https://techcabal.com/2022/05/20/3-cryptos-that-investors-are-rushing-to-invest-in-this-month-polygon-matic-solana-sol-and-firepin-token-frpn/,,"3 cryptos that investors are rushing to invest in this month : Polygon ( MATIC ), Solana ( SOL ), and Firepin Token ( FRPN ). ",20220520T110000Z,https://x7d4c5z5.stackpathcdn.com/wp-content/uploads/tc/2022/05/image-24.png,techcabal.com,English,Nigeria
38,https://www.theportugalnews.com/news/2022-05-30/top-three-coins-to-watch-out-for-ethereum-eth-solana-sol-and-parody-coin-paro/67470,https://amp.theportugalnews.com/news/2022-05-30/top-three-coins-to-watch-out-for-ethereum-eth-solana-sol-and-parody-coin-paro/67470,"Top Three Coins To Watch Out For - Ethereum ( ETH ), Solana ( SOL ), and Parody Coin ( PARO ) ",20220530T124500Z,https://tpn-1.s3.eu-west-2.amazonaws.com/media/4335/9.jpg,theportugalnews.com,English,Portugal
39,https://www.streetinsider.com/Analyst+Comments/Ethereum+Trading+Like+the+201718+Cycle+According+to+Morgan+Stanley/20207824.html,,Ethereum Trading Like the 2017 / 18 Cycle According to Morgan Stanley,20220613T210000Z,http://www.streetinsider.com/images/news2/202/20207824/resize_ethRE.jpg,streetinsider.com,English,United States
40,https://nextbigwhat.com/visa-releases-the-first-ever-bitcoin-btc-card-without-any-limits-in-uae/,,VISA Releases the First - Ever Bitcoin ( BTC ) Card Without Any Limits in UAE,20220705T163000Z,https://nextbigwhat.com/wp-content/uploads/2022/06/bitcoin-trading-gID_4.jpe,nextbigwhat.com,English,India
41,https://invezz.com/news/2022/06/21/after-ethereums-sepolia-beacon-chain-whats-next-for-eths-value/,https://invezz.com/news/2022/06/21/after-ethereums-sepolia-beacon-chain-whats-next-for-eths-value/?amp,"After Ethereum Sepolia Beacon Chain , what next for ETH value ? ",20220621T131500Z,https://invezz.com/wp-content/uploads/2022/06/ethereum-03.jpg,invezz.com,English,United Kingdom
42,https://article.wn.com/view/2022/05/30/One_Crypto_Project_Could_Gain_Unbelievable_Influence_Over_Et/,,"One Crypto Project Could Gain Unbelievable Influence Over Ethereum , According to Coin Bureau",20220530T160000Z,https://ecdn1.wn.com/o25/ph/img/eb/f5/45f8aa5e03fb62a6bb18bad42502-grande.jpg,article.wn.com,English,United States
43,https://article.wn.com/view/2022/06/24/Crypto_Whales_Are_Massively_Accumulating_One_Ethereum_Scalin/,,"Crypto Whales Are Massively Accumulating One Ethereum Scaling Altcoin , According to Analytics Firm Santiment",20220624T124500Z,https://ecdn0.wn.com/o25/ph/img/83/04/34a5b609b615c67608297b078e34-grande.jpg,article.wn.com,English,United States
44,https://article.wn.com/view/2022/08/07/Banking_Titan_Citi_Says_Ethereum_Merge_Could_Boost_Crypto_Ex/,,Banking Titan Citi Says Ethereum Merge Could Boost Crypto Exchange Coinbase Stock Price : Report,20220807T121500Z,https://ecdn0.wn.com/o25/ph/img/bb/2d/b9972fed56f528067c46f43b4d11-grande.jpg,article.wn.com,English,United States
45,https://www.cryptoglobe.com/latest/2022/07/ada-number-of-smart-contracts-deployed-on-cardano-nears-new-milestone/,https://www.cryptoglobe.com/latest/2022/07/ada-number-of-smart-contracts-deployed-on-cardano-nears-new-milestone/amp/,$ADA Number of Smart Contracts Deployed on Cardano Nears New Milestone,20220713T120000Z,https://cryptoglobe.s3.eu-west-2.amazonaws.com/2020/08/charles-hoskinson-cardano-update-768x512.jpg,cryptoglobe.com,English,
46,https://article.wn.com/view/2022/07/31/Crypto_Analyst_Predicts_Strong_Surge_for_Ethereum_Axie_Infin/,,"Crypto Analyst Predicts Strong Surge for Ethereum , Axie Infinity and One More Low - Cap Altcoin",20220731T174500Z,https://ecdn1.wn.com/o25/ph/img/e0/40/1e455a84fa716ad176791c5ad780-grande.jpg,article.wn.com,English,United States
47,https://www.digitaljournal.com/business/pearson-sells-its-textbooks-as-nfts-what-does-this-mean-for-ethereum-solana-and-new-coin-mehracki/article,,"Pearson sells its textbooks as NFTs : what does this mean for Ethereum , Solana , and new coin Mehracki ? ",20220806T154500Z,https://www.digitaljournal.com/wp-content/uploads/2022/08/Screen-Shot-2022-08-06-at-8.56.50-AM.v1-e1659795751803-1024x576.jpg,digitaljournal.com,English,United States
48,https://article.wn.com/view/2022/08/13/Liquidations_Cross_160_Million_As_Ethereum_Breaches_2000/,,"Liquidations Cross $160 Million As Ethereum Breaches $2 , 000",20220813T131500Z,https://ecdn8.wn.com/o25/ph/img/8b/38/245b5e3d732afb7b2441d3f6cf55-grande.jpg,article.wn.com,English,United States
49,https://www.coinspeaker.com/bitcoin-ethereum-breakout-false-moves/,https://www.coinspeaker.com/bitcoin-ethereum-breakout-false-moves/amp/,Bitcoin and Ethereum Make Strong Moves : Is It Real Breakout or False Moves ? ,20220718T084500Z,https://www.coinspeaker.com/wp-content/uploads/2022/07/bitcoin-ethereum-breakout-false-moves.jpg,coinspeaker.com,English,United States
50,https://article.wn.com/view/2022/07/31/Ethereum_Could_Unexpectedly_Explode_Back_to_New_AllTime_High/,,"Ethereum Could Unexpectedly Explode Back to New All - Time Highs Amid ETH 2 . 0 Hype , Says Top Trader",20220731T174500Z,https://ecdn1.wn.com/o25/ph/img/94/e7/c05e06cc5c90f73fb7ed1846ce5b-grande.jpg,article.wn.com,English,United States
51,https://invezz.com/news/2022/06/06/total-value-staked-in-eth2-soars-to-new-heights-should-you-invest-in-eth/,https://invezz.com/news/2022/06/06/total-value-staked-in-eth2-soars-to-new-heights-should-you-invest-in-eth/?amp,"Total value staked in Eth2 soars to new heights , should you invest in ETH ? ",20220606T144500Z,https://invezz.com/wp-content/uploads/2021/11/where-to-buy-ethereum-eth-coin.jpg,invezz.com,English,United Kingdom
52,https://www.fxstreet.com/cryptocurrencies/news/will-todays-drop-be-followed-by-another-price-increase-202207060454,https://www.fxstreet.com/amp/cryptocurrencies/news/will-todays-drop-be-followed-by-another-price-increase-202207060454,Will today drop be followed by another price increase ? ,20220706T074500Z,https://editorial.fxstreet.com/images/Markets/Currencies/Digital%20Currencies/Ethereum/ethereum_3_Large.jpg,fxstreet.com,English,China
53,https://www.indiagazette.com/news/272562291/are-calyx-token-clx-and-ethereum-eth-two-of-the-best-coins-for-cryptocurrency-staking,,Are Calyx Token ( CLX ) and Ethereum ( ETH ) two of the best coins for cryptocurrency staking ? ,20220524T080000Z,https://cdn.bignewsnetwork.com/ani1653368829.jpg,indiagazette.com,English,India
54,https://www.bignewsnetwork.com/news/272562291/are-calyx-token-clx-and-ethereum-eth-two-of-the-best-coins-for-cryptocurrency-staking,,Are Calyx Token ( CLX ) and Ethereum ( ETH ) two of the best coins for cryptocurrency staking ? ,20220524T054500Z,https://static.bignewsnetwork.com/bnn/images/big-news-network-slogan.jpg,bignewsnetwork.com,English,United States
55,https://article.wn.com/view/2022/07/05/Bitcoin_Ethereum_Jump_as_Crypto_Market_Stages_Mini_Rally/,,"Bitcoin , Ethereum Jump as Crypto Market Stages Mini Rally",20220705T160000Z,https://ecdn7.wn.com/o25/ph/img/46/22/ac22b1b2b11ab64e5ec5e107e71a-grande.jpg,article.wn.com,English,United States
56,https://invezz.com/news/2022/05/19/ropsten-testnet-merge-set-for-june-8-is-eth-worth-getting/,https://invezz.com/news/2022/05/19/ropsten-testnet-merge-set-for-june-8-is-eth-worth-getting/?amp,"Ropsten testnet Merge set for June 8 , is ETH worth getting ? ",20220519T114500Z,https://invezz.com/wp-content/uploads/2021/11/where-to-buy-ethereum-eth-coin.jpg,invezz.com,English,United Kingdom
57,https://www.crowdfundinsider.com/tag/swell-network/,,Swell Network - All News And Posts By Crowdfund Insider,20220721T033000Z,,crowdfundinsider.com,English,United Kingdom
58,https://techcabal.com/2022/05/31/3-cryptocurrencies-to-build-up-your-portfolio-mushe-token-xmu-iota-miota-and-ethereum-eth/,,"3 Cryptocurrencies To Build Up Your Portfolio : Mushe Token ( XMU ), IOTA ( MIOTA ), and Ethereum ( ETH ) ",20220531T124500Z,https://x7d4c5z5.stackpathcdn.com/wp-content/uploads/tc/2022/05/image-105.png,techcabal.com,English,Nigeria
59,https://www.finanznachrichten.de/nachrichten-2022-06/56424020-ethereum-stuerzt-unter-die-wichtige-1-000-us-dollar-marke-wie-geht-es-weiter-534.htm,,Ethereum stürzt unter die wichtige 1 . 000 US - Dollar - Marke . Wie geht es weiter ? ,20220629T053000Z,https://fns1.de/g/fb.png,finanznachrichten.de,German,Germany
60,https://www.coinspeaker.com/uniglo-reminder-unique-projects-exist-ethereum-dogecoin/,https://www.coinspeaker.com/uniglo-reminder-unique-projects-exist-ethereum-dogecoin/amp/,Crypto Expert : Uniglo ( GLO ) Is a Reminder that Unique Projects Still Exist Like Ethereum ( ETH ) and Dogecoin ( DOGE ) ,20220803T114500Z,https://www.coinspeaker.com/wp-content/uploads/2022/08/uniglo-reminder-unique-projects-exist-ethereum-dogecoin.jpg,coinspeaker.com,English,United States
61,https://www.coinspeaker.com/experts-suggest-rally-at-uniglo-presale-in-august/,https://www.coinspeaker.com/experts-suggest-rally-at-uniglo-presale-in-august/amp/,"Experts Suggest a Massive Rally at Uniglo . io ( GLO ) Presale In August , Bitcoin ( BTC ) and Ethereum ( ETH ) Bound to Turn Bullish",20220804T120000Z,https://www.coinspeaker.com/wp-content/uploads/2022/08/experts-suggest-rally-at-uniglo-presale-in-august.png,coinspeaker.com,English,United States
62,https://article.wn.com/view/2022/07/10/rallies_incoming_for_bitcoin_ethereum_and_one_of_eth_8217s_t/,,"Rallies Incoming for Bitcoin , Ethereum and One of ETH Top Rivals , According to Analyst Michaël ... ",20220710T180000Z,https://ecdn2.wn.com/o25/ph/img/87/8c/3639c08a308bb5b223799d4f17c5-grande.jpg,article.wn.com,English,United States
63,https://www.coinspeaker.com/firepin-token-replicating-success-decentraland/,https://www.coinspeaker.com/firepin-token-replicating-success-decentraland/amp/,Firepin Token Is Replicating the Success Story of Decentraland ( MANA ): Can It Rise 100X ? ,20220516T170000Z,https://www.coinspeaker.com/wp-content/uploads/2022/05/firepin-token-replicating-success-decentraland-2.jpg,coinspeaker.com,English,United States
64,https://invezz.com/news/2022/07/20/cryptocurrencies-not-to-miss-on-july-20/,https://invezz.com/news/2022/07/20/cryptocurrencies-not-to-miss-on-july-20/?amp,Cryptocurrencies not to miss on July 20,20220720T124500Z,https://invezz.com/wp-content/uploads/2022/07/altcoins-01-scaled.jpg,invezz.com,English,United Kingdom
65,https://www.finanznachrichten.de/nachrichten-2022-08/56752175-ethereum-attacke-gestartet-bullen-geben-gas-124.htm,,Ethereum : Attacke gestartet - Bullen geben Gas,20220808T123000Z,https://fns1.de/g/fb.png,finanznachrichten.de,German,Germany
66,https://invezz.com/news/2022/06/09/ethereums-ropsten-pos-merge-goes-live-what-does-this-mean-for-eth/,https://invezz.com/news/2022/06/09/ethereums-ropsten-pos-merge-goes-live-what-does-this-mean-for-eth/?amp,Ethereum Ropsten PoS merge goes live ; what does this mean for ETH ? ,20220609T123000Z,https://invezz.com/wp-content/uploads/2022/06/115920869-m.jpg,invezz.com,English,United Kingdom
67,https://www.coinspeaker.com/cryptos-unique-offerings-mushe-token-axie-infinity-avalanche/,https://www.coinspeaker.com/cryptos-unique-offerings-mushe-token-axie-infinity-avalanche/amp/,"3 Cryptos with Unique Offerings You Shouldnt Miss Out on : Mushe Token ( XMU ), Axie Infinity ( AXS ), and Avalanche ( AVAX ) ",20220522T110000Z,https://www.coinspeaker.com/wp-content/uploads/2022/05/cryptos-unique-offerings-mushe-token-axie-infinity-avalanche-1.jpg,coinspeaker.com,English,United States
68,https://www.theportugalnews.com/news/2022-06-15/will-mushe-token-xmu-make-nft-platforms-better-like-ethereum-eth-and-solana-sol/67937,https://amp.theportugalnews.com/news/2022-06-15/will-mushe-token-xmu-make-nft-platforms-better-like-ethereum-eth-and-solana-sol/67937,"Will Mushe Token ( XMU ) Make NFT platforms Better Like Ethereum ( ETH ), and Solana ( SOL )? ",20220615T131500Z,https://tpn-1.s3.eu-west-2.amazonaws.com/media/4761/103.jpg,theportugalnews.com,English,Portugal
69,https://mymmanews.com/ethereum-eth-price-prediction-2022-2030-and-free-crypto-signal/,,Ethereum ( ETH ) Price Prediction : 2022 – 2030 And Free Crypto signal,20220609T010000Z,https://mymmanews.com/wp-content/uploads/2022/06/Picture1-3.jpg,mymmanews.com,English,United States
70,https://www.coinspeaker.com/mushe-token-cardano-solana-make-you-millionaire/,https://www.coinspeaker.com/mushe-token-cardano-solana-make-you-millionaire/amp/,"Mushe Token ( XMU ), Cardano ( ADA ), and Solana ( SOL ) Could Potentially Make You a Millionaire",20220608T154500Z,https://www.coinspeaker.com/wp-content/uploads/2022/06/202136-2_1.jpg,coinspeaker.com,English,United States
71,https://www.coinspeaker.com/us-inflation-bitcoin-ethereum-price/,https://www.coinspeaker.com/us-inflation-bitcoin-ethereum-price/amp/,"US Inflation Reading Boosts Bitcoin and Ethereum Price , Market Remains Upbeat",20220811T130000Z,https://www.coinspeaker.com/wp-content/uploads/2022/08/us-inflation-bitcoin-ethereum-price.jpg,coinspeaker.com,English,United States
72,https://article.wn.com/view/2022/05/19/Bitcoin_Ethereum_Dogecoin_and_Two_Additional_Altcoins_Are_th_x/,,"Bitcoin , Ethereum , Dogecoin and Two Additional Altcoins Are the Most Decentralized Crypto Assets : Coin Bureau",20220520T054500Z,https://ecdn7.wn.com/o25/ph/img/46/22/ac22b1b2b11ab64e5ec5e107e71a-grande.jpg,article.wn.com,English,United States
73,https://techcabal.com/2022/05/27/how-you-might-benefit-from-the-volatility-of-the-crypto-market-ethereum-eth-stellar-xlm-and-quitriam-finance-qtm/,,"How You Might Benefit From The Volatility Of The Crypto Market : Ethereum ( ETH ), Stellar ( XLM ), and Quitriam Finance ( QTM ) ",20220527T134500Z,https://x7d4c5z5.stackpathcdn.com/wp-content/uploads/tc/2022/05/image-79.png,techcabal.com,English,Nigeria
74,https://u.today/aabbg-gold-backed-stablecoin-launched-by-asia-broadband,https://u.today/aabbg-gold-backed-stablecoin-launched-by-asia-broadband?amp,AABBG Gold - Backed Stablecoin Launched by Asia Broadband,20220722T221500Z,https://u.today/sites/default/files/styles/twitter/public/2022-07/22014.jpg,u.today,English,
75,https://www.theportugalnews.com/news/2022-05-19/after-ethereum-eth-and-cardano-ada-can-roboape-token-rba-be-the-next-multi-bagger/67192,https://amp.theportugalnews.com/news/2022-05-19/after-ethereum-eth-and-cardano-ada-can-roboape-token-rba-be-the-next-multi-bagger/67192,"After Ethereum ( ETH ) and Cardano ( ADA ), can RoboApe Token ( RBA ) be the next Multi - Bagger ? ",20220519T143000Z,https://tpn-1.s3.eu-west-2.amazonaws.com/media/4085/gorilla.jpg,theportugalnews.com,English,Portugal
76,https://www.fxstreet.com/cryptocurrencies/news/cryptocurrencies-price-prediction-cardano-ethereum-polygon-asian-wrap-04-july-202207040048,https://www.fxstreet.com/amp/cryptocurrencies/news/cryptocurrencies-price-prediction-cardano-ethereum-polygon-asian-wrap-04-july-202207040048,"Cryptocurrencies Price Prediction : Cardano , Ethereum & Polygon Asian Wrap 04 July",20220704T024500Z,https://editorial.fxstreet.com/images/Markets/Currencies/Cryptocurrencies/Coins/Cardano/cardano_Large.jpg,fxstreet.com,English,China
77,https://nextbigwhat.com/ex-bitmex-ceo-arthur-hayes-warns-of-possible-massive-sell-off-event-in-crypto/,,Ex - BitMEX CEO Arthur Hayes Warns of Possible Massive Sell - off Event in Crypto,20220615T164500Z,https://nextbigwhat.com/wp-content/uploads/2022/06/Bitcoin-Ethereum-on-Brink.jpg,nextbigwhat.com,English,India
78,https://www.theportugalnews.com/news/2022-05-21/can-roboape-token-rba-rise-as-high-as-ethereum-eth-and-avalanche-avax/67268,https://amp.theportugalnews.com/news/2022-05-21/can-roboape-token-rba-rise-as-high-as-ethereum-eth-and-avalanche-avax/67268,Can RoboApe Token ( RBA ) Rise as High as Ethereum ( ETH ) and Avalanche ( AVAX )? ,20220521T151500Z,https://tpn-1.s3.eu-west-2.amazonaws.com/media/4145/Crypto2.jpg,theportugalnews.com,English,Portugal
79,https://markets.financialcontent.com/stocks/article/newmediawire-2022-7-12-appswarms-colony-division-expands-its-cryptocurrency-mining-hardware-infrastructure-adding-dedicated-machine-to-mine-ethereum,,Stock Market | FinancialContent Business Page,20220712T110000Z,,markets.financialcontent.com,English,United States
80,https://www.fool.com/investing/2022/07/18/why-bitcoin-ethereum-and-cardano-are-rocketing-hig/,,"Why Bitcoin , Ethereum , and Cardano Are Rocketing Higher Today",20220719T023000Z,https://g.foolcdn.com/editorial/images/690623/rocket-moon_QRmkJIO.jpg,fool.com,English,United States
81,https://www.prnewswire.com/news-releases/deepredsky-nft-marketplace-powered-by-parler-is-now-accepting-multiple-crypto-currencies-building-upon-credit-card-payments-and-adding-more-convenient-options-soon-301555164.html,,"DeepRedSky NFT Marketplace ( Powered by Parler ) is Now Accepting Multiple Crypto Currencies , Building Upon Credit Card Payments , and Adding More Convenient Options Soon",20220525T164500Z,,prnewswire.com,English,United States
82,https://www.prnewswire.com:443/news-releases/deepredsky-nft-marketplace-powered-by-parler-is-now-accepting-multiple-crypto-currencies-building-upon-credit-card-payments-and-adding-more-convenient-options-soon-301555164.html,,"DeepRedSky NFT Marketplace ( Powered by Parler ) is Now Accepting Multiple Crypto Currencies , Building Upon Credit Card Payments , and Adding More Convenient Options Soon",20220525T164500Z,,prnewswire.com,English,United States
83,https://www.albawaba.com/business/crypto-prices-today-bitcoin-returns-22k-1484663,https://www.albawaba.com/amp/business/crypto-prices-today-bitcoin-returns-22k-1484663,Crypto Prices Today : Bitcoin Returns to 22K,20220721T091500Z,https://www.albawaba.com/sites/default/files/styles/default/public/2022-07/shutterstock_2110968674.jpg?itok=cgIh7iP4,albawaba.com,English,Israel
84,https://es.investing.com/news/cryptocurrency-news/the-merge-es-la-oportunidad-de-ethereum-para-superar-a-bitcoin-segun-un-investigador-2276491,https://m.es.investing.com/news/cryptocurrency-news/the-merge-es-la-oportunidad-de-ethereum-para-superar-a-bitcoin-segun-un-investigador-2276491?ampMode=1,"  The Merge  es la oportunidad de Ethereum para superar a Bitcoin , según un investigador Por CoinTelegraph",20220724T234500Z,https://i-invdn-com.investing.com/news/CryptoBitcoindigital_800x533_L_1641975060.jpg,es.investing.com,Spanish,United States
85,https://www.albawaba.com/business/crypto-prices-today-bitcoin-21k-1483490,https://www.albawaba.com/amp/business/crypto-prices-today-bitcoin-21k-1483490,Crypto Prices Today : Bitcoin up to 21K,20220708T064500Z,https://www.albawaba.com/sites/default/files/styles/default/public/2022-07/shutterstock_1916262404.jpg?itok=YEwBCiFg,albawaba.com,English,Israel
86,https://cointelegraph.com/news/how-to-incorporate-a-dao-and-issue-tokens-to-be-ready-to-raise-money-from-vcs,https://cointelegraph.com/news/how-to-incorporate-a-dao-and-issue-tokens-to-be-ready-to-raise-money-from-vcs/amp,How to incorporate a DAO and issue tokens to be ready to raise money from VCs,20220521T140000Z,https://images.cointelegraph.com/images/1200_aHR0cHM6Ly9zMy5jb2ludGVsZWdyYXBoLmNvbS91cGxvYWRzLzIwMjItMDUvYWU0Yjc5MTAtNjEyMi00YmQzLWIwZmYtY2JlOWJlYTU4Zjk5LmpwZw==.jpg,cointelegraph.com,English,China
87,https://www.coinspeaker.com/uniglo-new-millionaires-maker-following-ethereum-bitcoin/,https://www.coinspeaker.com/uniglo-new-millionaires-maker-following-ethereum-bitcoin/amp/,2017 Investors Claim that Uniglo ( GLO ) Is the New Millionaires Maker,20220725T100000Z,https://www.coinspeaker.com/wp-content/uploads/2022/07/uniglo-new-millionaires-maker-following-ethereum-bitcoin.jpg,coinspeaker.com,English,United States
88,https://www.streetinsider.com/Globe+Newswire/AppSwarm%E2%80%99s+COLONY+Division+Expands+Its+Cryptocurrency+Mining+Hardware+Infrastructure+Adding+Dedicated+Machine+to+Mine+Ethereum/20314163.html,,AppSwarm COLONY Division Expands Its Cryptocurrency Mining Hardware Infrastructure Adding Dedicated Machine to Mine Ethereum,20220712T104500Z,,streetinsider.com,English,United States
89,https://www.theportugalnews.com/news/2022-05-27/can-quitriam-finance-qtm-compete-with-market-leading-coins-polkadot-dot-and-polygon-matic/67391,https://amp.theportugalnews.com/news/2022-05-27/can-quitriam-finance-qtm-compete-with-market-leading-coins-polkadot-dot-and-polygon-matic/67391,Can Quitriam Finance ( QTM ) Compete With Market - Leading Coins Polkadot ( DOT ) and Polygon ( MATIC )? ,20220527T181500Z,https://tpn-1.s3.eu-west-2.amazonaws.com/media/4289/CEM29.jpg,theportugalnews.com,English,Portugal
90,https://www.cryptoglobe.com/latest/2022/08/ada-number-of-smart-contracts-deployed-on-cardano-surpasses-3000-for-first-time/,,"$ADA : Number of Smart Contracts Deployed on Cardano Surpasses 3 , 000 for First Time",20220804T003000Z,https://cryptoglobe.s3.eu-west-2.amazonaws.com/2020/12/smart-contract-transaction-error-768x432.jpg,cryptoglobe.com,English,
91,https://www.heraldscotland.com/business_hq/20237288.buy-ethereum-uk/,,Where to buy Ethereum in the united kingdom ,20220628T061500Z,https://www.heraldscotland.com/resources/images/13835913/,heraldscotland.com,English,United Kingdom
92,https://www.coinspeaker.com/degrain-why-will-outperform-solana-cardano/,https://www.coinspeaker.com/degrain-why-will-outperform-solana-cardano/amp/,Everyone Talking about Degrain ( DGRN ) Why It Will Outperform Solana ( SOL ) and Cardano ( ADA ) ,20220718T230000Z,https://www.coinspeaker.com/wp-content/uploads/2022/07/degrain-why-will-outperform-solana-cardano.jpg,coinspeaker.com,English,United States
93,https://www.albawaba.com/business/crypto-prices-today-bitcoin-holds-19k-levels-1483015,https://www.albawaba.com/amp/business/crypto-prices-today-bitcoin-holds-19k-levels-1483015,Crypto Prices Today : Bitcoin Holds On to $19K Levels,20220704T221500Z,https://www.albawaba.com/sites/default/files/styles/default/public/2022-07/shutterstock_650811631.jpg?itok=HX_Z4340,albawaba.com,English,Israel
94,https://www.albawaba.com/business/crypto-prices-today-bitcoin-trading-19k-1482862,https://www.albawaba.com/amp/business/crypto-prices-today-bitcoin-trading-19k-1482862,Crypto Prices Today : Bitcoin Trading at $19K,20220703T203000Z,https://www.albawaba.com/sites/default/files/styles/default/public/2022-07/shutterstock_1953800572.jpg?itok=D0dpqjg1,albawaba.com,English,Israel
95,https://www.albawaba.com/business/crypto-prices-today-bitcoin-persistent-20k-1483240,https://www.albawaba.com/amp/business/crypto-prices-today-bitcoin-persistent-20k-1483240,Crypto Prices Today : Bitcoin Persistent at $20K,20220706T093000Z,https://www.albawaba.com/sites/default/files/styles/default/public/2022-07/shutterstock_1712419843.jpg?itok=gviuGj-k,albawaba.com,English,Israel
96,https://www.albawaba.com/business/crypto-prices-today-bitcoin-20k-1483067,https://www.albawaba.com/amp/business/crypto-prices-today-bitcoin-20k-1483067,Crypto Prices Today : Bitcoin Up to $20K,20220705T080000Z,https://www.albawaba.com/sites/default/files/styles/default/public/im_new/rimshami/bitcoin-shutterstock-15Jan22.jpg?itok=MewF17zU,albawaba.com,English,Israel
97,https://www.albawaba.com/business/crypto-prices-today-bitcoin-trading-around-19k-1483706,https://www.albawaba.com/amp/business/crypto-prices-today-bitcoin-trading-around-19k-1483706,Crypto Prices Today : Bitcoin Trading Around $19K,20220713T090000Z,https://www.albawaba.com/sites/default/files/styles/default/public/2022-07/shutterstock_644918824.jpg?itok=ZfVjJec9,albawaba.com,English,Israel
98,https://techcabal.com/2022/05/25/3-cryptocurrencies-to-offer-greater-returns-in-the-bearish-market/,,3 Cryptocurrencies to Offer Greater Returns in the Bearish Market,20220525T090000Z,https://x7d4c5z5.stackpathcdn.com/wp-content/uploads/tc/2022/05/image-50.png,techcabal.com,English,Nigeria
99,https://www.albawaba.com/business/crypto-prices-today-bitcoin-green-trading-21k-1484099,https://www.albawaba.com/amp/business/crypto-prices-today-bitcoin-green-trading-21k-1484099,Crypto Prices Today : Bitcoin In Green Trading at 21K,20220717T110000Z,https://www.albawaba.com/sites/default/files/styles/default/public/2022-07/bitcoindown-shutterstock-22Jan22.jpg?itok=05v8ZFPE,albawaba.com,English,Israel
100,https://www.albawaba.com/business/crypto-prices-today-bitcoin-remains-around-22k-1484214,https://www.albawaba.com/amp/business/crypto-prices-today-bitcoin-remains-around-22k-1484214,Crypto Prices Today : Bitcoin Remains Around $22K,20220718T100000Z,https://www.albawaba.com/sites/default/files/styles/default/public/2022-07/shutterstock_2072626772.jpg?itok=2CmTphHu,albawaba.com,English,Israel
101,https://www.albawaba.com/business/crypto-prices-today-bitcoin-persistent-22933k-1484750,https://www.albawaba.com/amp/business/crypto-prices-today-bitcoin-persistent-22933k-1484750,"Crypto Prices Today : Bitcoin Persistent at $22 , 933K",20220722T053000Z,https://www.albawaba.com/sites/default/files/styles/default/public/2022-07/shutterstock_1916262404_0.jpg?itok=-P8KhmWK,albawaba.com,English,Israel
102,https://www.albawaba.com/business/crypto-prices-today-bitcoin-swinging-again-within-23k-levels-1487036,https://www.albawaba.com/amp/business/crypto-prices-today-bitcoin-swinging-again-within-23k-levels-1487036,Crypto Prices Today : Bitcoin Swinging Again within $23K Levels,20220810T193000Z,https://www.albawaba.com/sites/default/files/styles/default/public/2022-08/bitcoin-shutterstock-6Apr22.jpg?itok=25FysX3Q,albawaba.com,English,Israel
103,https://www.albawaba.com/business/crypto-prices-today-bitcoin-trading-21k-1482019,https://www.albawaba.com/amp/business/crypto-prices-today-bitcoin-trading-21k-1482019,Crypto Prices Today : Bitcoin Trading at $21K,20220626T220000Z,https://www.albawaba.com/sites/default/files/styles/default/public/2022-06/shutterstock_1933932182.jpg?itok=qTHJGFah,albawaba.com,English,Israel
104,https://www.albawaba.com/business/crypto-prices-today-bitcoin-plummets-18k-1482602,https://www.albawaba.com/amp/business/crypto-prices-today-bitcoin-plummets-18k-1482602,Crypto Prices Today : Bitcoin Plummets to $18K,20220630T200000Z,https://www.albawaba.com/sites/default/files/styles/default/public/2022-06/shutterstock_2082587002_0.jpg?itok=OZjaAY5u,albawaba.com,English,Israel
105,https://www.albawaba.com/business/crypto-prices-today-bitcoin-clings-20k-1482291,https://www.albawaba.com/amp/business/crypto-prices-today-bitcoin-clings-20k-1482291,Crypto Prices Today : Bitcoin Clings to $20K,20220628T211500Z,https://www.albawaba.com/sites/default/files/styles/default/public/im_new/rimshami/bitcoin-shutterstock-24nov20.jpg?itok=SnVQ9TvK,albawaba.com,English,Israel
106,https://www.albawaba.com/business/crypto-prices-today-bitcoin-bounces-back-19k-1482662,https://www.albawaba.com/amp/business/crypto-prices-today-bitcoin-bounces-back-19k-1482662,Crypto Prices Today : Bitcoin Plummets to $18K,20220701T223000Z,https://www.albawaba.com/sites/default/files/styles/default/public/im_new/rimshami/bitcoin-shutterstock-15Jan22.jpg?itok=MewF17zU,albawaba.com,English,Israel
107,https://investorplace.com/undervalued-cryptos/,,6 Significantly Undervalued Cryptos to Buy Before They Boom,20220711T141500Z,https://investorplace.com/wp-content/uploads/2022/05/cryptos-1600-2-1024x576.png,investorplace.com,English,United States
108,https://www.streetinsider.com/Corporate+News/Farfetch+(FTCH)+Stock+Pops+After+Saying+It+Will+Start+Accepting+Crypto+Payments/20199494.html,,Farfetch ( FTCH ) Stock Pops After Saying It Will Start Accepting Crypto Payments,20220610T111500Z,,streetinsider.com,English,United States
109,https://www.albawaba.com/business/crypto-prices-today-bitcoin-soars-20618-1483940,https://www.albawaba.com/amp/business/crypto-prices-today-bitcoin-soars-20618-1483940,"Crypto Prices Today : Bitcoin Soars to $20 , 618",20220715T073000Z,https://www.albawaba.com/sites/default/files/styles/default/public/2022-07/shutterstock_1409391932.jpg?itok=Jt2bMIaK,albawaba.com,English,Israel
110,https://www.albawaba.com/business/crypto-prices-today-bitcoin-bounces-back-22k-1485401,https://www.albawaba.com/amp/business/crypto-prices-today-bitcoin-bounces-back-22k-1485401,Crypto Prices Today : Bitcoin Bounces Back to $22K,20220727T210000Z,https://www.albawaba.com/sites/default/files/styles/default/public/im_new/rimshami/bitcoin-shutterstock-20Jan22.jpg?itok=7zrsh4E6,albawaba.com,English,Israel
111,https://www.albawaba.com/business/crypto-prices-today-bitcoin-climbs-23k-1485526,https://www.albawaba.com/amp/business/crypto-prices-today-bitcoin-climbs-23k-1485526,Crypto Prices Today : Bitcoin Climbs to $23K,20220728T200000Z,https://www.albawaba.com/sites/default/files/styles/default/public/im_new/rimshami/bitcoin-shutterstock-24nov20.jpg?itok=SnVQ9TvK,albawaba.com,English,Israel
112,https://www.albawaba.com/business/crypto-prices-today-bitcoin-24k-1485569,https://www.albawaba.com/amp/business/crypto-prices-today-bitcoin-24k-1485569,Crypto Prices Today : Bitcoin Up to $24K,20220729T111500Z,https://www.albawaba.com/sites/default/files/styles/default/public/im_new/rimshami/bitcoinUp-shutterstock-1Dec20.jpg?itok=b2b81Xjl,albawaba.com,English,Israel
113,https://www.albawaba.com/business/crypto-prices-today-bitcoin-trading-30k-1478916,https://www.albawaba.com/amp/business/crypto-prices-today-bitcoin-trading-30k-1478916,Crypto Prices Today : Bitcoin Trading at $31K,20220531T201500Z,https://www.albawaba.com/sites/default/files/styles/default/public/im_new/rimshami/bitcoinup-shutterstock-30Sep21.jpg?itok=rAYYUc7r,albawaba.com,English,Israel
114,https://www.albawaba.com/business/crypto-prices-today-bitcoin-back-30k-1479196,https://www.albawaba.com/amp/business/crypto-prices-today-bitcoin-back-30k-1479196,Crypto Prices Today : Bitcoin Back to $30K,20220602T161500Z,https://www.albawaba.com/sites/default/files/styles/default/public/im_new/rimshami/bitcoin-shutterstock-19Aug21.jpg?itok=9XphtxQb,albawaba.com,English,Israel
115,https://www.coinspeaker.com/ethereum-gas-fee-lowest-since-2020-eth-1000/,https://www.coinspeaker.com/ethereum-gas-fee-lowest-since-2020-eth-1000/amp/,Ethereum Gas Fee Tanks to the Lowest Since 2020,20220704T151500Z,https://www.coinspeaker.com/wp-content/uploads/2022/07/ethereum-gas-fee-lowest-since-2020-eth-1000.jpg,coinspeaker.com,English,United States
116,https://techcabal.com/2022/05/26/buy-the-dip-and-add-these-three-coins-to-your-portfolio-solana-sol-and-logarithmic-finance-log/,,Buy the Dip and Add These Three Coins to your Portfolio : Solana ( SOL ) and Logarithmic Finance ( LOG ) ,20220526T140000Z,https://x7d4c5z5.stackpathcdn.com/wp-content/uploads/tc/2022/05/image-67.png,techcabal.com,English,Nigeria
117,https://www.miragenews.com/best-and-worst-performing-cryptocurrencies-as-820583/,,Best and worst performing cryptocurrencies as of 17 Jul 2022,20220717T010000Z,https://images.unsplash.com/photo-1563986768711-b3bde3dc821e?ixid=MnwxMjA3fDB8MHxwaG90by1wYWdlfHx8fGVufDB8fHx8&ixlib=rb-1.2.1&auto=format&fit=crop&q=80,miragenews.com,English,United States
118,https://www.theportugalnews.com/news/2022-05-16/top-altcoins-under-1-cardano-ada-cronos-cro-logarithmic-finance-log/67054,https://amp.theportugalnews.com/news/2022-05-16/top-altcoins-under-1-cardano-ada-cronos-cro-logarithmic-finance-log/67054,"Top Altcoins Under $1 : Cardano ( ADA ), Cronos ( CRO ), Logarithmic Finance ( LOG ) ",20220516T151500Z,https://tpn-1.s3.eu-west-2.amazonaws.com/media/3934/mainb.jpg,theportugalnews.com,English,Portugal
119,https://www.albawaba.com/business/crypto-prices-today-bitcoin-30k-1477115,https://www.albawaba.com/amp/business/crypto-prices-today-bitcoin-30k-1477115,Crypto Prices Today : Bitcoin Up to $30K,20220517T100000Z,https://www.albawaba.com/sites/default/files/styles/default/public/im_new/rimshami/bitcoin-shutterstock-15Jan22.jpg?itok=MewF17zU,albawaba.com,English,Israel
120,https://www.coinspeaker.com/chipotle-buy-the-dip-dogecoin-solana/,https://www.coinspeaker.com/chipotle-buy-the-dip-dogecoin-solana/amp/,"Chipotle Runs  Buy the Dip  Campaign to Giveaway $200 , 000 in Dogecoin and Other Cryptos",20220726T134500Z,https://www.coinspeaker.com/wp-content/uploads/2022/07/chipotle-buy-the-dip-dogecoin-solana.jpg,coinspeaker.com,English,United States
121,https://www.albawaba.com/business/crypto-prices-today-bitcoin-trading-29k-levels-1477779,https://www.albawaba.com/amp/business/crypto-prices-today-bitcoin-trading-29k-levels-1477779,Crypto Prices Today : Bitcoin Trading at $29K Levels,20220522T203000Z,https://www.albawaba.com/sites/default/files/styles/default/public/im_new/rimshami/bitcoin-shutterstock-24nov20.jpg?itok=SnVQ9TvK,albawaba.com,English,Israel
122,https://www.albawaba.com/business/crypto-prices-today-bitcoin-30k-1477918,https://www.albawaba.com/amp/business/crypto-prices-today-bitcoin-30k-1477918,Crypto Prices Today : Bitcoin Up to $30K,20220523T171500Z,https://www.albawaba.com/sites/default/files/styles/default/public/im_new/rimshami/cryptotrading-shutterstock-23Sep21.jpg?itok=QbtgzNpa,albawaba.com,English,Israel
123,https://www.albawaba.com/business/crypto-prices-today-bitcoin-down-29k-1478078,https://www.albawaba.com/amp/business/crypto-prices-today-bitcoin-down-29k-1478078,Crypto Prices Today : Bitcoin Down to $29K,20220524T204500Z,https://www.albawaba.com/sites/default/files/styles/default/public/im_new/rimshami/bitcoin-shutterstock-22Sep21.jpg?itok=0ygCHUX-,albawaba.com,English,Israel
124,https://www.albawaba.com/business/crypto-prices-today-bitcoin-struggles-remain-29k-levels-1478320,https://www.albawaba.com/amp/business/crypto-prices-today-bitcoin-struggles-remain-29k-levels-1478320,Crypto Prices Today : Bitcoin Struggles to Remain at $29K Levels,20220526T111500Z,https://www.albawaba.com/sites/default/files/styles/default/public/2022-05/shutterstock_1902390253.jpg?itok=FvQaZNuH,albawaba.com,English,Israel
125,https://www.albawaba.com/business/crypto-prices-today-bitcoin-stable-29k-1478223,https://www.albawaba.com/amp/business/crypto-prices-today-bitcoin-stable-29k-1478223,Crypto Prices Today : Bitcoin Stable at $29K,20220525T210000Z,https://www.albawaba.com/sites/default/files/styles/default/public/im_new/rimshami/bitcoin-shutterstock-20Jan22.jpg?itok=7zrsh4E6,albawaba.com,English,Israel
126,https://www.albawaba.com/business/crypto-prices-today-bitcoin-slips-28k-1478420,https://www.albawaba.com/amp/business/crypto-prices-today-bitcoin-slips-28k-1478420,Crypto Prices Today : Bitcoin Slips to $28K,20220527T200000Z,https://www.albawaba.com/sites/default/files/styles/default/public/im_new/rimshami/bitcoin-shutterstock-22Sep21.jpg?itok=0ygCHUX-,albawaba.com,English,Israel
127,https://www.albawaba.com/business/crypto-prices-today-bitcoin-edges-near-29k-1478464,https://www.albawaba.com/amp/business/crypto-prices-today-bitcoin-edges-near-29k-1478464,Crypto Prices Today : Bitcoin Edges Near $29K,20220528T164500Z,https://www.albawaba.com/sites/default/files/styles/default/public/im_new/rimshami/bitcoin-shutterstock-20Jan22.jpg?itok=7zrsh4E6,albawaba.com,English,Israel
128,https://www.coinspeaker.com/bitstamp-earn-product-ethereum-algorand/,https://www.coinspeaker.com/bitstamp-earn-product-ethereum-algorand/amp/,"BitStamp Introduces Earn Product to US Customers for Staking Ethereum , Algorand",20220603T150000Z,https://www.coinspeaker.com/wp-content/uploads/2022/06/bitstamp-earn-product-ethereum-algorand.jpg,coinspeaker.com,English,United States
129,https://www.albawaba.com/business/crypto-prices-today-bitcoin-nears-22k-again-1484378,https://www.albawaba.com/amp/business/crypto-prices-today-bitcoin-nears-22k-again-1484378,Crypto Prices Today : Bitcoin Nears 22K Again,20220719T121500Z,https://www.albawaba.com/sites/default/files/styles/default/public/2022-07/shutterstock_1888907947_0_0.jpg?itok=-BNrbhKs,albawaba.com,English,Israel
130,https://markets.financialcontent.com/stocks/article/newsfile-2022-8-4-poloniex-to-list-eth-potential-hard-fork-tokens-in-support-of-the-merge,,Stock Market | FinancialContent Business Page,20220804T171500Z,,markets.financialcontent.com,English,United States
131,https://www.albawaba.com/business/crypto-prices-today-bitcoin-trading-29k-1479458,https://www.albawaba.com/amp/business/crypto-prices-today-bitcoin-trading-29k-1479458,Crypto Prices Today : Bitcoin Trading at $29K,20220605T151500Z,https://www.albawaba.com/sites/default/files/styles/default/public/2022-06/shutterstock_1841762269.jpg?itok=ETBlDRyF,albawaba.com,English,Israel
132,https://www.albawaba.com/business/crypto-prices-today-bitcoin-31k-1479629,https://www.albawaba.com/amp/business/crypto-prices-today-bitcoin-31k-1479629,Crypto Prices Today : Bitcoin Up to $31K,20220606T231500Z,https://www.albawaba.com/sites/default/files/styles/default/public/2022-06/shutterstock_1833317626.jpg?itok=NObdOjfJ,albawaba.com,English,Israel
133,https://www.albawaba.com/business/crypto-prices-today-bitcoin-down-29k-1479787,https://www.albawaba.com/amp/business/crypto-prices-today-bitcoin-down-29k-1479787,Crypto Prices Today : Bitcoin Down to $29K,20220607T193000Z,https://www.albawaba.com/sites/default/files/styles/default/public/im_new/rimshami/shutterstock_1906236913.jpg?itok=t7pIytrM,albawaba.com,English,Israel
134,https://www.albawaba.com/business/crypto-prices-today-bitcoin-persistent-30k-1479954,https://www.albawaba.com/amp/business/crypto-prices-today-bitcoin-persistent-30k-1479954,Crypto Prices Today : Bitcoin Persistent at $30K,20220608T171500Z,https://www.albawaba.com/sites/default/files/styles/default/public/im_new/rimshami/bitcoin-shutterstock-19Aug21.jpg?itok=9XphtxQb,albawaba.com,English,Israel
135,https://www.albawaba.com/business/crypto-prices-today-bitcoin-trading-30k-1480105,https://www.albawaba.com/amp/business/crypto-prices-today-bitcoin-trading-30k-1480105,Crypto Prices Today : Bitcoin Trading at $30K,20220609T200000Z,https://www.albawaba.com/sites/default/files/styles/default/public/im_new/rimshami/bitcoin-shutterstock-20Jan22.jpg?itok=7zrsh4E6,albawaba.com,English,Israel
136,https://www.albawaba.com/business/crypto-prices-today-bitcoin-bounces-back-29k-1480163,https://www.albawaba.com/amp/business/crypto-prices-today-bitcoin-bounces-back-29k-1480163,Crypto Prices Today : Bitcoin Bounces Back to $29K,20220610T191500Z,https://www.albawaba.com/sites/default/files/styles/default/public/im_new/rimshami/bitcoin-shutterstock-24nov20.jpg?itok=SnVQ9TvK,albawaba.com,English,Israel
137,https://seekingalpha.com/news/3854254-singapores-central-bank-seeks-stricter-rules-on-retail-cryptocurrency-trading,,Singapore central bank seeks more rules on retail crypto trading ( Cryptocurrency : BTC - USD ) ,20220705T171500Z,https://static.seekingalpha.com/cdn/s3/uploads/getty_images/931874096/image_931874096.jpg?io=getty-c-w750,seekingalpha.com,English,United States
138,https://www.albawaba.com/business/crypto-prices-today-bitcoin-slips-20k-1482158,https://www.albawaba.com/amp/business/crypto-prices-today-bitcoin-slips-20k-1482158,Crypto Prices Today : Bitcoin Slips to $20K,20220627T200000Z,https://www.albawaba.com/sites/default/files/styles/default/public/im_new/rimshami/bitcoin-shutterstock-15Jan22.jpg?itok=MewF17zU,albawaba.com,English,Israel
139,https://www.albawaba.com/business/crypto-prices-today-bitcoin-swings-between-23k-22k-levels-1486615,https://www.albawaba.com/amp/business/crypto-prices-today-bitcoin-swings-between-23k-22k-levels-1486615,Crypto Prices Today : Bitcoin Swings between $23K & $22K Levels,20220807T204500Z,https://www.albawaba.com/sites/default/files/styles/default/public/im_new/rimshami/bitcoin-shutterstock-15Jan22.jpg?itok=MewF17zU,albawaba.com,English,Israel
140,https://www.albawaba.com/business/crypto-prices-today-bitcoin-24k-1487179,https://www.albawaba.com/amp/business/crypto-prices-today-bitcoin-24k-1487179,Crypto Prices Today : Bitcoin Up to $24K,20220811T190000Z,https://www.albawaba.com/sites/default/files/styles/default/public/im_new/rimshami/bitcoin-shutterstock-24nov20.jpg?itok=SnVQ9TvK,albawaba.com,English,Israel
141,https://www.albawaba.com/business/crypto-prices-today-bitcoin-trading-24k-1487250,https://www.albawaba.com/amp/business/crypto-prices-today-bitcoin-trading-24k-1487250,Crypto Prices Today : Bitcoin Trading at $24K,20220813T091500Z,https://www.albawaba.com/sites/default/files/styles/default/public/2022-08/shutterstock_2142326215.jpg?itok=07xovld0,albawaba.com,English,Israel
142,https://www.fool.com/investing/2022/07/25/is-it-finally-time-to-buy-this-crypto-unicorn/?source=iedfolrf0000001,,Is It Finally Time to Buy This Crypto Unicorn ? ,20220725T134500Z,https://g.foolcdn.com/editorial/images/691389/woman-on-laptop-city-at-night.jpg,fool.com,English,United States
143,https://www.albawaba.com/business/crypto-prices-today-bitcoin-recovers-20k-1481218,https://www.albawaba.com/amp/business/crypto-prices-today-bitcoin-recovers-20k-1481218,Crypto Prices Today : Bitcoin Recovers to $20K,20220619T221500Z,https://www.albawaba.com/sites/default/files/styles/default/public/im_new/rimshami/bitcoin-shutterstock-15Jan22.jpg?itok=MewF17zU,albawaba.com,English,Israel
144,https://www.albawaba.com/business/crypto-prices-today-bitcoin-holds-20k-1481343,https://www.albawaba.com/amp/business/crypto-prices-today-bitcoin-holds-20k-1481343,Crypto Prices Today : Bitcoin Holds On $20K,20220620T220000Z,https://www.albawaba.com/sites/default/files/styles/default/public/2022-06/shutterstock_2068110815.jpg?itok=psVGU1F_,albawaba.com,English,Israel
145,https://www.albawaba.com/business/crypto-prices-today-bitcoin-edges-near-21k-1481484,https://www.albawaba.com/amp/business/crypto-prices-today-bitcoin-edges-near-21k-1481484,Crypto Prices Today : Bitcoin Edges Near $21K,20220621T214500Z,https://www.albawaba.com/sites/default/files/styles/default/public/2022-06/shutterstock_1895991220.jpg?itok=M4q_budL,albawaba.com,English,Israel
146,https://www.albawaba.com/business/crypto-prices-today-bitcoin-resists-slipping-19k-1481643,https://www.albawaba.com/amp/business/crypto-prices-today-bitcoin-resists-slipping-19k-1481643,Crypto Prices Today : Bitcoin Resists Slipping to $19K,20220622T214500Z,https://www.albawaba.com/sites/default/files/styles/default/public/im_new/rimshami/bitcoin-shutterstock-20Jan22.jpg?itok=7zrsh4E6,albawaba.com,English,Israel
147,https://www.albawaba.com/business/crypto-prices-today-bitcoin-21k-1481886,https://www.albawaba.com/amp/business/crypto-prices-today-bitcoin-21k-1481886,Crypto Prices Today : Bitcoin Up to $21K,20220625T160000Z,https://www.albawaba.com/sites/default/files/styles/default/public/im_new/rimshami/bitcoin-shutterstock-15Jan22.jpg?itok=MewF17zU,albawaba.com,English,Israel
148,https://www.albawaba.com/business/crypto-prices-today-bitcoin-trying-bounce-back-21k-levels-1481791,https://www.albawaba.com/amp/business/crypto-prices-today-bitcoin-trying-bounce-back-21k-levels-1481791,Crypto Prices Today : Bitcoin Trying to Bounce Back to $21K Levels,20220623T211500Z,https://www.albawaba.com/sites/default/files/styles/default/public/2022-06/shutterstock_1989014939.jpg?itok=UPjDi7HF,albawaba.com,English,Israel
149,https://forextv.com/bitcoin-news/crypto-prices-could-have-found-a-floor-as-bitcoin-ether-surge-in-july-analyst-says/,https://forextv.com/bitcoin-news/crypto-prices-could-have-found-a-floor-as-bitcoin-ether-surge-in-july-analyst-says/amp/,"Crypto prices could have  found a floor  as bitcoin , ether surge in July , analyst says",20220808T201500Z,,forextv.com,English,United States
150,https://www.albawaba.com/business/crypto-prices-today-bitcoin-holds-23k-1485838,https://www.albawaba.com/amp/business/crypto-prices-today-bitcoin-holds-23k-1485838,Crypto Prices Today : Bitcoin Holds On to $23K,20220801T110000Z,https://www.albawaba.com/sites/default/files/styles/default/public/im_new/rimshami/bitcoin-shutterstock-20Jan22.jpg?itok=7zrsh4E6,albawaba.com,English,Israel
151,https://www.albawaba.com/business/crypto-prices-today-bitcoin-slips-23k-1485699,https://www.albawaba.com/amp/business/crypto-prices-today-bitcoin-slips-23k-1485699,Crypto Prices Today : Bitcoin Slips to $23K,20220731T091500Z,https://www.albawaba.com/sites/default/files/styles/default/public/im_new/rimshami/shutterstock_1904670868.jpg?itok=lF1M27V_,albawaba.com,English,Israel
152,https://www.albawaba.com/business/crypto-prices-today-bitcoin-persistent-23k-1486030,https://www.albawaba.com/amp/business/crypto-prices-today-bitcoin-persistent-23k-1486030,Crypto Prices Today : Bitcoin Persistent at $23K,20220802T180000Z,https://www.albawaba.com/sites/default/files/styles/default/public/im_new/rimshami/bitcoin-shutterstock-15Jan22.jpg?itok=MewF17zU,albawaba.com,English,Israel
153,https://www.albawaba.com/business/crypto-prices-today-bitcoin-fluctuates-23k-levels-1486202,https://www.albawaba.com/amp/business/crypto-prices-today-bitcoin-fluctuates-23k-levels-1486202,Crypto Prices Today : Bitcoin Fluctuates at $23K Levels,20220803T201500Z,https://www.albawaba.com/sites/default/files/styles/default/public/im_new/rimshami/bitcoin-shutterstock-20Jan22.jpg?itok=7zrsh4E6,albawaba.com,English,Israel
154,https://www.albawaba.com/business/crypto-prices-today-bitcoin-struggles-remain-23k-levels-1486400,https://www.albawaba.com/amp/business/crypto-prices-today-bitcoin-struggles-remain-23k-levels-1486400,Crypto Prices Today : Bitcoin Struggles to Remain at $23K Levels,20220806T080000Z,https://www.albawaba.com/sites/default/files/styles/default/public/2022-08/shutterstock_1918199510.jpg?itok=TPMj56Bn,albawaba.com,English,Israel
155,https://www.albawaba.com/business/crypto-prices-today-bitcoin-slips-22k-1486286,https://www.albawaba.com/amp/business/crypto-prices-today-bitcoin-slips-22k-1486286,Crypto Prices Today : Bitcoin Slips to $22K,20220804T124500Z,https://www.albawaba.com/sites/default/files/styles/default/public/im_new/rimshami/bitcoin-down-shutterstock-18Jan22.jpg?itok=iA36Fv5q,albawaba.com,English,Israel
156,https://www.albawaba.com/business/crypto-prices-today-bitcoin-bounces-back-23k-1486359,https://www.albawaba.com/amp/business/crypto-prices-today-bitcoin-bounces-back-23k-1486359,Crypto Prices Today : Bitcoin Bounces Back to $23K,20220805T131500Z,https://www.albawaba.com/sites/default/files/styles/default/public/2022-08/shutterstock_2172094423.jpg?itok=wZ655c-B,albawaba.com,English,Israel
157,https://www.coinspeaker.com/how-versatile-is-firepin-what-does-cardano-use-smart-contracts-for/,https://www.coinspeaker.com/how-versatile-is-firepin-what-does-cardano-use-smart-contracts-for/amp/,How Versatile Is FIREPIN Token ( FRPN ) and What Does Cardano ( ADA ) Use Smart Contracts For ? ,20220622T181500Z,https://www.coinspeaker.com/wp-content/uploads/2022/06/how-versatile-is-firepin-what-does-cardano-use-smart-contracts-for-2.jpg,coinspeaker.com,English,United States
158,https://www.albawaba.com/business/crypto-prices-today-bitcoin-slips-29k-1479266,https://www.albawaba.com/amp/business/crypto-prices-today-bitcoin-slips-29k-1479266,Crypto Prices Today : Bitcoin Slips to $29K,20220603T204500Z,https://www.albawaba.com/sites/default/files/styles/default/public/2022-06/shutterstock_1888907947.jpg?itok=ZHhAgTLW,albawaba.com,English,Israel
159,https://www.coinspeaker.com/bitcoin-slumps-fomc-meeting/,https://www.coinspeaker.com/bitcoin-slumps-fomc-meeting/amp/,Bitcoin Slumps Despite VIX Indicator Showing Calm Ahead of FOMC Meeting,20220725T184500Z,https://www.coinspeaker.com/wp-content/uploads/2022/07/bitcoin-slumps-fomc-meeting.jpg,coinspeaker.com,English,United States
160,https://www.albawaba.com/business/crypto-prices-today-bitcoin-fluctuates-29k-level-1477032,https://www.albawaba.com/amp/business/crypto-prices-today-bitcoin-fluctuates-29k-level-1477032,Crypto Prices Today : Bitcoin Fluctuates at $29K Level,20220516T194500Z,https://www.albawaba.com/sites/default/files/styles/default/public/im_new/rimshami/bitcoin-shutterstock-20Jan22.jpg?itok=7zrsh4E6,albawaba.com,English,Israel
161,https://www.albawaba.com/business/crypto-prices-today-bitcoin-plunges-28k-1477570,https://www.albawaba.com/amp/business/crypto-prices-today-bitcoin-plunges-28k-1477570,Crypto Prices Today : Bitcoin Plunges to $28K,20220520T184500Z,https://www.albawaba.com/sites/default/files/styles/default/public/im_new/rimshami/bitcoin-shutterstock-22Sep21.jpg?itok=0ygCHUX-,albawaba.com,English,Israel
162,https://www.albawaba.com/business/crypto-prices-today-bitcoin-bounces-30k-1477514,https://www.albawaba.com/amp/business/crypto-prices-today-bitcoin-bounces-30k-1477514,Crypto Prices Today : Bitcoin Bounces to $30K,20220519T204500Z,https://www.albawaba.com/sites/default/files/styles/default/public/im_new/rimshami/bitcoin-shutterstock-20Jan22.jpg?itok=7zrsh4E6,albawaba.com,English,Israel
163,https://www.fxempire.com/forecasts/article/crypto-market-daily-highlights-eth-and-dot-lead-the-top-ten-south-1088630,https://amp.fxempire.com/en/crypto-market-daily-highlights-eth-and-dot-lead-the-top-ten-south/1088630,Crypto Market Daily Highlights – ETH and DOT Lead the Top Ten South,20220807T030000Z,https://responsive.fxempire.com/width/600/webp-lossy-70.q50/_fxempire_/2022/08/shutterstock_2158405327-3.jpg,fxempire.com,English,China
164,https://www.coinspeaker.com/dubai-hotel-binance-crypto/,https://www.coinspeaker.com/dubai-hotel-binance-crypto/amp/,Dubai Hotel Partners with Binance to Accept Crypto Payment,20220531T120000Z,https://www.coinspeaker.com/wp-content/uploads/2022/05/dubai-hotel-binance-crypto.jpg,coinspeaker.com,English,United States
165,https://cointelegraph.com/news/anchorage-launches-ethereum-staking-for-institutional-investors,https://cointelegraph.com/news/anchorage-launches-ethereum-staking-for-institutional-investors/amp,Anchorage launches Ethereum staking for institutional investors,20220629T114500Z,https://images.cointelegraph.com/images/1200_aHR0cHM6Ly9zMy5jb2ludGVsZWdyYXBoLmNvbS91cGxvYWRzLzIwMjItMDYvYTRkYTk2NDAtY2FmMC00ZjQ4LWI1YjctZjMzYTJjM2IyOGUxLmpwZw==.jpg,cointelegraph.com,English,China
166,https://www.fool.com/investing/2022/08/13/what-you-need-to-know-before-the-ethereum-merge/?source=iedfolrf0000001,,What You Need to Know Before the Ethereum Merge,20220813T151500Z,https://g.foolcdn.com/editorial/images/696296/youtube-thumbnails.png,fool.com,English,United States
167,https://www.albawaba.com/business/crypto-prices-today-bitcoin-close-24k-levels-1486770,https://www.albawaba.com/amp/business/crypto-prices-today-bitcoin-close-24k-levels-1486770,Crypto Prices Today : Bitcoin Close to $24K Levels,20220808T203000Z,https://www.albawaba.com/sites/default/files/styles/default/public/2022-08/shutterstock_1929583424.jpg?itok=rYEqNl9s,albawaba.com,English,Israel
168,https://www.albawaba.com/business/crypto-prices-today-bitcoin-down-23k-1486900,https://www.albawaba.com/amp/business/crypto-prices-today-bitcoin-down-23k-1486900,Crypto Prices Today : Bitcoin Down to $23K,20220809T201500Z,https://www.albawaba.com/sites/default/files/styles/default/public/im_new/rimshami/bitcoin-shutterstock-15Jan22.jpg?itok=MewF17zU,albawaba.com,English,Israel
169,https://www.albawaba.com/business/crypto-prices-today-bitcoin-trading-red-19870-1483863,https://www.albawaba.com/amp/business/crypto-prices-today-bitcoin-trading-red-19870-1483863,"Crypto Prices Today : Bitcoin Trading in Red With $19 , 870",20220714T094500Z,https://www.albawaba.com/sites/default/files/styles/default/public/2022-07/bitcoindown-shutterstock-21Sep21.jpg?itok=LHIq2ahH,albawaba.com,English,Israel
170,https://www.albawaba.com/business/crypto-prices-today-bitcoin-trading-29k-1478605,https://www.albawaba.com/amp/business/crypto-prices-today-bitcoin-trading-29k-1478605,Crypto Prices Today : Bitcoin Trading at $29K,20220529T211500Z,https://www.albawaba.com/sites/default/files/styles/default/public/2022-05/shutterstock_1933932182.jpg?itok=G3ia9iL3,albawaba.com,English,Israel
171,https://www.albawaba.com/business/crypto-prices-today-bitcoin-30k-1478746,https://www.albawaba.com/amp/business/crypto-prices-today-bitcoin-30k-1478746,Crypto Prices Today : Bitcoin Up to $30K,20220530T173000Z,https://www.albawaba.com/sites/default/files/styles/default/public/2022-05/shutterstock_786534934.jpg?itok=nnhNR8Ij,albawaba.com,English,Israel
172,https://www.coinspeaker.com/does-roboape-stand-chance-with-avalanche-vechain/,https://www.coinspeaker.com/does-roboape-stand-chance-with-avalanche-vechain/amp/,Does RoboApe Stand a Chance with Avalanche and VeChain in the Picture ? ,20220810T130000Z,https://www.coinspeaker.com/wp-content/uploads/2022/08/does-roboape-stand-chance-with-avalanche-vechain-1.jpg,coinspeaker.com,English,United States
173,https://www.fool.ca/2022/07/29/where-is-ethereum-headed-as-we-approach-the-merge/,,Where Is Ethereum Headed as We Approach the Merge ? ,20220729T191500Z,https://www.fool.ca/wp-content/uploads/2018/09/Questions.jpg,fool.ca,English,Canada
174,https://www.albawaba.com/business/crypto-prices-today-bitcoin-down-29k-1477330,https://www.albawaba.com/amp/business/crypto-prices-today-bitcoin-down-29k-1477330,Crypto Prices Today : Bitcoin Down to $29K,20220518T211500Z,https://www.albawaba.com/sites/default/files/styles/default/public/im_new/rimshami/bitcoin-down-shutterstock-18Jan22.jpg?itok=iA36Fv5q,albawaba.com,English,Israel
175,https://www.albawaba.com/business/crypto-prices-today-bitcoin-29k-1477629,https://www.albawaba.com/amp/business/crypto-prices-today-bitcoin-29k-1477629,Crypto Prices Today : Bitcoin Up to $29K,20220521T173000Z,https://www.albawaba.com/sites/default/files/styles/default/public/im_new/rimshami/bitcoin-shutterstock-15Jan22.jpg?itok=MewF17zU,albawaba.com,English,Israel
176,https://www.theportugalnews.com/news/2022-06-13/can-mehracki-mki-disrupt-the-crypto-market-just-the-way-ethereum-eth-and-shiba-inu-shib-did-it/67842,https://amp.theportugalnews.com/news/2022-06-13/can-mehracki-mki-disrupt-the-crypto-market-just-the-way-ethereum-eth-and-shiba-inu-shib-did-it/67842,CAN MEHRACKI ( MKI ) DISRUPT THE CRYPTO MARKET JUST THE WAY ETHEREUM ( ETH ) AND SHIBA INU ( SHIB ) DID IT ? ,20220613T120000Z,https://tpn-1.s3.eu-west-2.amazonaws.com/media/4683/93.jpg,theportugalnews.com,English,Portugal
177,https://cointelegraph.com/news/tether-launches-stablecoin-pegged-to-pesos-on-ethereum-tron-and-polygon,https://cointelegraph.com/news/tether-launches-stablecoin-pegged-to-pesos-on-ethereum-tron-and-polygon/amp,"Tether launches stablecoin pegged to pesos on Ethereum , Tron and Polygon",20220526T174500Z,https://images.cointelegraph.com/images/1200_aHR0cHM6Ly9zMy5jb2ludGVsZWdyYXBoLmNvbS91cGxvYWRzLzIwMjItMDUvODE0NzA5MTItZThkZS00NzhjLThkMGUtNDI3NmQ5NzAxZTBjLmpwZw==.jpg,cointelegraph.com,English,China
178,https://www.albawaba.com/business/crypto-prices-today-bitcoin-climbs-236k-1484551,https://www.albawaba.com/amp/business/crypto-prices-today-bitcoin-climbs-236k-1484551,Crypto Prices Today : Bitcoin Climbs to $23 . 6K,20220720T114500Z,https://www.albawaba.com/sites/default/files/styles/default/public/2022-07/bitcoindown-shutterstock-22Jan22_0.jpg?itok=m8onFJoW,albawaba.com,English,Israel
179,https://www.coinspeaker.com/chronoly-perfect-alternative-for-ripple/,https://www.coinspeaker.com/chronoly-perfect-alternative-for-ripple/amp/,Chronoly ( CRNO ): The Perfect Alternative for Ripple ( XRP ) ,20220601T110000Z,https://www.coinspeaker.com/wp-content/uploads/2022/05/chronoly-perfect-alternative-for-ripple.jpg,coinspeaker.com,English,United States
180,https://www.miragenews.com/best-and-worst-performing-cryptocurrencies-as-803550/,,Best and worst performing cryptocurrencies as of 20 Jun 2022,20220619T233000Z,https://images.unsplash.com/photo-1563986768711-b3bde3dc821e?ixid=MnwxMjA3fDB8MHxwaG90by1wYWdlfHx8fGVufDB8fHx8&ixlib=rb-1.2.1&auto=format&fit=crop&q=80,miragenews.com,English,United States
181,https://cointelegraph.com/news/indonesia-licensed-crypto-asset-platform-pintu-raises-113m-in-series-b,https://cointelegraph.com/news/indonesia-licensed-crypto-asset-platform-pintu-raises-113m-in-series-b/amp,Indonesia - licensed crypto asset platform Pintu raises $113M in Series B,20220607T024500Z,https://images.cointelegraph.com/images/1200_aHR0cHM6Ly9zMy5jb2ludGVsZWdyYXBoLmNvbS91cGxvYWRzLzIwMjItMDYvYmNiYTUxYTYtZDNhMS00ZmRjLTlmMDgtMjBjZjYwZmZjYzgyLmpwZw==.jpg,cointelegraph.com,English,China
182,https://techcabal.com/2022/07/04/buy-the-dip-and-get-rich-ethereum-eth-fantom-ftm-and-chronoly-crno/,,"Buy The Dip and Get Rich : Ethereum ( ETH ), Fantom ( FTM ) and Chronoly ( CRNO ) ",20220704T121500Z,https://lh3.googleusercontent.com/hmp9aXNf-yTns-Ix-WVcguEpk3QfgAapXcSIPMiXf7ZGxAEOdbr50xte8t2nB3tFuHH3YOaI0GAmalk-j_2LkuujUO89DvDuZMmYOcr8rgWS_GuJ0NlObj8qvjvuw0utKHo8uJMbws2TfubrRQ,techcabal.com,English,Nigeria
183,https://www.investing.com/news/cryptocurrency-news/crypto-flipsider-news--mastercard-enters-nft-space-sec-investigates-terra-eth-activity-falls-vechain-ufc-partnership-lithuania-amends-aml-2835803,https://m.investing.com/news/cryptocurrency-news/crypto-flipsider-news--mastercard-enters-nft-space-sec-investigates-terra-eth-activity-falls-vechain-ufc-partnership-lithuania-amends-aml-2835803?ampMode=1,"Crypto Flipsider News – Mastercard Enters NFT Space , SEC Investigates Terra , ETH Activity Falls , VeChain UFC Partnership , Lithuania Amends AML By DailyCoin",20220610T153000Z,https://i-invdn-com.investing.com/news/Ethereum_800x533_L_1556445146.jpg,investing.com,English,United States
184,https://www.fxstreet.com/cryptocurrencies/news/cryptocurrencies-price-prediction-bitcoin-terra-and-ethereum-european-wrap-30-may-202205301234,https://www.fxstreet.com/amp/cryptocurrencies/news/cryptocurrencies-price-prediction-bitcoin-terra-and-ethereum-european-wrap-30-may-202205301234,"Cryptocurrencies Price Prediction : Bitcoin , Terra and Ethereum – European Wrap 30 May",20220530T134500Z,https://editorial.fxstreet.com/images/Markets/Currencies/Cryptocurrencies/financiera-comercial-grafico_Large.jpg,fxstreet.com,English,China
185,https://techcabal.com/2022/06/01/top-cryptos-to-buy-this-summer-stacks-stx-chronoly-crno-and-hedera-hbar/,,"Top Cryptos To Buy This Summer Stacks ( STX ), Chronoly ( CRNO ), And Hedera ( HBAR ) ",20220601T130000Z,https://lh4.googleusercontent.com/krIOqMsrw138zi-nM8lTlItN2vBDTdZBcqb_dMqvU2f4c16JxP2Qtt-jimeEwTkKgjEnRr_vJAYwX67VAQkZ9O1QNXS97Mvb1dd740qQK9kvuWeR2KDprtVLOiylsmIU_d7sfUSt3oCJxL19rQ,techcabal.com,English,Nigeria
186,https://markets.businessinsider.com/news/stocks/iag-s-airline-vueling-partners-bitpay-to-offer-crypto-payment-option-1031532940,,IAG Airline Vueling Partners BitPay To Offer Crypto Payment Option,20220616T144500Z,,markets.businessinsider.com,English,United States
187,https://seekingalpha.com/news/3843275-stablecoin-issuer-tether-rolls-out-new-tokens-pegged-to-mexican-peso,,Stablecoin issuer Tether launches token pegged to Mexican peso ( Cryptocurrency : USDT - USD ) ,20220526T210000Z,https://static.seekingalpha.com/cdn/s3/uploads/getty_images/998390954/image_998390954.jpg?io=getty-c-w750,seekingalpha.com,English,United States
188,https://www.albawaba.com/business/crypto-prices-today-bitcoin-plunges-23k-1480525,https://www.albawaba.com/amp/business/crypto-prices-today-bitcoin-plunges-23k-1480525,Crypto Prices Today : Bitcoin Plunges to $23K,20220613T191500Z,https://www.albawaba.com/sites/default/files/styles/default/public/2022-06/shutterstock_1771817042.png?itok=zb37RVYe,albawaba.com,English,Israel
189,https://www.albawaba.com/business/crypto-prices-today-bitcoin-plummets-27k-1480370,https://www.albawaba.com/amp/business/crypto-prices-today-bitcoin-plummets-27k-1480370,Crypto Prices Today : Bitcoin Plummets to $27K,20220612T201500Z,https://www.albawaba.com/sites/default/files/styles/default/public/2022-06/shutterstock_1922814272_0.jpg?itok=ZJkQM0Dt,albawaba.com,English,Israel
190,https://www.albawaba.com/business/crypto-prices-today-bitcoin-plummets-21k-1480816,https://www.albawaba.com/amp/business/crypto-prices-today-bitcoin-plummets-21k-1480816,Crypto Prices Today : Bitcoin Plummets to $21K,20220615T200000Z,https://www.albawaba.com/sites/default/files/styles/default/public/2022-06/shutterstock_2077303516.jpg?itok=60WGQYb-,albawaba.com,English,Israel
191,https://www.albawaba.com/business/crypto-prices-today-bitcoin-struggles-remain-21k-levels-1480982,https://www.albawaba.com/amp/business/crypto-prices-today-bitcoin-struggles-remain-21k-levels-1480982,Crypto Prices Today : Bitcoin Struggles to Remain at $21K Levels,20220616T194500Z,https://www.albawaba.com/sites/default/files/styles/default/public/2022-06/shutterstock_1349722742.jpg?itok=UD4-y5i9,albawaba.com,English,Israel
192,https://www.albawaba.com/business/crypto-prices-today-bitcoin-plummets-19k-1481056,https://www.albawaba.com/amp/business/crypto-prices-today-bitcoin-plummets-19k-1481056,Crypto Prices Today : Bitcoin Plummets to $19K,20220618T101500Z,https://www.albawaba.com/sites/default/files/styles/default/public/2022-06/shutterstock_1941711703.jpg?itok=sXxcmnPr,albawaba.com,English,Israel
193,https://www.proactiveinvestors.co.uk/companies/news/220446/coinsilium-focused-on-growth-opportunities-after-crypto-shake-up-220446.html,https://www.proactiveinvestors.co.uk/companies/amp/news/220446,Coinsilium Group Limited focused on growth opportunities after crypto shake - up,20220620T084500Z,https://cdn.proactiveinvestors.com/eyJidWNrZXQiOiJwYS1jZG4iLCJrZXkiOiJ1cGxvYWRcL0FydGljbGVcL0ltYWdlXC8yMDE5XzA1XC8xNTU4MDE4MTI2X3NodXR0ZXJzdG9ja182OTk2NDEyNDUuanBnIiwiZWRpdHMiOnsicmVzaXplIjp7IndpZHRoIjoxMjAwLCJoZWlnaHQiOjYzMCwiZml0IjoiY292ZXIifX19,proactiveinvestors.co.uk,English,United Kingdom
194,https://www.indiatvnews.com/business/news/bitcoin-price-prediction-today-india-live-chart-ethereum-cryptocurrency-market-crash-cap-latest-news-2022-06-15-784797,https://www.indiatvnews.com/amp/business/news/bitcoin-price-prediction-today-india-live-chart-ethereum-cryptocurrency-market-crash-cap-latest-news-2022-06-15-784797,"Bitcoin price today , Bitcoin price in India , Bitcoin price prediction , Bitcoin price history , Bitcoin price live",20220615T113000Z,https://resize.indiatvnews.com/en/resize/newbucket/715_-/2022/06/bitcoin-1655289890.jpg,indiatvnews.com,English,India
195,https://haqqin.az/news/252729,https://amp.haqqin.az/news/252729,В Анкаре обратились к зарубежным СМИ : уважайте законы Турции,20220707T101500Z,https://i.haqqin.az/581626_crop_0.jpeg,haqqin.az,Russian,Azerbaijan
196,https://seekingalpha.com/news/3855624-binance-provides-years-of-service-for-iranian-traders-despite-us-sanctions,,Binance provides years of service for Iranian traders despite U . S . sanctions,20220711T124500Z,https://static.seekingalpha.com/cdn/s3/uploads/getty_images/953267964/image_953267964.jpg?io=getty-c-w750,seekingalpha.com,English,United States
197,https://seekingalpha.com/news/3850905-cryptocom-two-other-crypto-firms-get-approved-to-offer-services-in-singapore,,Crypto . com gets in - principle license from Singapore ( Cryptocurrency : CRO - USD ) ,20220622T174500Z,https://static.seekingalpha.com/cdn/s3/uploads/getty_images/931874096/image_931874096.jpg?io=getty-c-w750,seekingalpha.com,English,United States
198,https://menafn.com/1104473480/These-Are-The-Ten-Worst-Performing-Cryptocurrencies-In-June-2022,,These Are The Ten Worst - Performing Cryptocurrencies In June ... ,20220704T083000Z,https://menafn.com/updates/pr/2022-07/04/V_ff04fimage_story.jpg,menafn.com,English,Qatar
199,https://www.techtimes.com/articles/276627/20220613/bitcoin-bitcoin-value-extreme-market-conditions.htm,https://www.techtimes.com/amp/articles/276627/20220613/bitcoin-bitcoin-value-extreme-market-conditions.htm, [ BREAKING ] Bitcoin Value Dips Due to  Extreme Market Conditions  ,20220613T161500Z,https://1734811051.rsc.cdn77.org/data/images/full/406439/price-of-bitcoin-sinks-as-cryptocurrency-sell-off-continues.jpg,techtimes.com,English,United States
200,https://es.cointelegraph.com/news/ethereum-dev-confirms-perpetual-date-for-pos-merge,https://es.cointelegraph.com/news/ethereum-dev-confirms-perpetual-date-for-pos-merge/amp,Los desarrolladores de Ethereum confirman la fecha fija para The Merge,20220716T211500Z,https://images.cointelegraph.com/images/1200_aHR0cHM6Ly9zMy5jb2ludGVsZWdyYXBoLmNvbS91cGxvYWRzLzIwMjItMDcvOWYzOTk0NTQtNzA2My00ZjFkLWJhZWYtMjYwZWQxZTM1MGE2LmpwZw==.jpg,es.cointelegraph.com,Spanish,China
201,https://menafn.com/1104267089/Why-Nvidia-Is-Leading-The-May-2022-Semiconductor-Sell-Off,,Why Nvidia Is Leading The May 2022 Semiconductor Sell - Off,20220524T181500Z,https://menafn.com/updates/pr/2022-05/24/B_bf0d9image_story.jpg,menafn.com,English,Qatar
202,https://timesofindia.indiatimes.com/business/india-business/now-a-rupee-based-crypto-index-amid-a-volatile-market/articleshow/91977343.cms,https://m.timesofindia.com/business/india-business/now-a-rupee-based-crypto-index-amid-a-volatile-market/amp_articleshow/91977343.cms,"Now , a rupee - based crypto index amid a volatile market",20220603T061500Z,"https://static.toiimg.com/thumb/msid-91977370,width-1070,height-580,imgsize-11930,resizemode-75,overlay-toi_sw,pt-32,y_pad-40/photo.jpg",timesofindia.indiatimes.com,English,India
203,https://markets.financialcontent.com/stocks/quote?Symbol=537:41944096,,Verrica Pharmaceuticals Inc Stock Quote | Stock Price for VRCA | FinancialContent Business Page,20220523T050000Z,,markets.financialcontent.com,English,United States
204,https://seekingalpha.com/news/3839255-nomura-plans-to-launch-cryptocurrency-unit-with-100-staff-by-next-year-ft,,Nomura plans to launch cryptocurrency unit with 100 staff by next year ( NYSE : NMR ) ,20220516T150000Z,https://static.seekingalpha.com/cdn/s3/uploads/getty_images/1162760456/image_1162760456.jpg?io=getty-c-w750,seekingalpha.com,English,United States
205,https://techcabal.com/2022/05/24/promising-defi-coins-for-potential-gains-uniswap-uni-and-mountanaz-mnaz/,,Promising DeFi Coins for Potential Gains : Uniswap ( UNI ) and Mountanaz ( MNAZ ) ,20220524T093000Z,https://x7d4c5z5.stackpathcdn.com/wp-content/uploads/tc/2022/05/image-37.png,techcabal.com,English,Nigeria
206,https://news.webindia123.com/news/Articles/Business/20220801/3968723.html,,These crypto meme tokens are shaking up the crypto space - Dogecoin ( DOGE ) and RoboApe ( RBA ) ,20220801T093000Z,,news.webindia123.com,English,India
207,https://es.fxmag.com/articulo/bitcoin-dolar-btc-btcusd-genera-panico-por-caida-hasta-los-2800-dolares-ethereum-dolar-eth-ethusd-llego-a-los-picos-minimos-historicos-y-no-hay-vuelta-atras-binance-dolar-bnb-bnbusd-al-borde-de-desaparecer-del-mercado,,Bitcoin dólar ( BTC BTCUSD ) genera pánico por caída hasta los 2 . 800 dólares . Ethereum dólar ( ETH ETHUSD ) llegó a los picos mínimos históricos y no hay vuelta atrás . Binance dólar ( BNB BNBUSD ) al borde de desaparecer del mercado,20220613T064500Z,https://es.fxmag.com/images/articles/bitcoin-dolar-btc-btcusd-genera-panico-por-caida-hasta-los-2800-dolares-ethereum-dolar-eth-ethusd-llego-a-los-picos-minimos-historicos-y-no-hay-vuelta-atras-binance-dolar-bnb-bnbusd-al-borde-de-desaparecer-del-mercado.jpg,es.fxmag.com,Spanish,
208,https://www.fxempire.com/forecasts/article/crypto-market-daily-highlights-btc-eth-and-sol-are-on-the-move-1094191,https://amp.fxempire.com/en/crypto-market-daily-highlights-btc-eth-and-sol-are-on-the-move/1094191,"Crypto Market Daily Highlights – BTC , ETH , and SOL Are on the Move",20220812T004500Z,https://responsive.fxempire.com/width/600/webp-lossy-70.q50/_fxempire_/2022/08/shutterstock_2158405327-7.jpg,fxempire.com,English,China
209,https://news.webindia123.com/news/Articles/Business/20220530/3946841.html,,"Enjoy amazing DeFi features with these cryptocurrencies : Uniswap ( UNI ), Aave ( AAVE ), and Sanzooz Finance ( SZFT ) ",20220530T054500Z,,news.webindia123.com,English,India
210,https://news.webindia123.com/news/Articles/Business/20220521/3943999.html,,Promising DeFi coins for potential gains : Uniswap ( UNI ) and Mountanaz ( MNAZ ) ,20220521T133000Z,,news.webindia123.com,English,India
211,https://www.finanznachrichten.de/nachrichten-2022-06/56327966-iag-s-airline-vueling-partners-bitpay-to-offer-crypto-payment-option-020.htm,,IAG Airline Vueling Partners BitPay To Offer Crypto Payment Option,20220616T124500Z,https://www.finanznachrichten.de/chart-international-consolidated-airlines-group-sa-aktie-intraday-tradegate.png,finanznachrichten.de,English,Germany
212,https://www.thecable.ng/bitcoin-price-drops-below-25000-lowest-since-december-2020,https://www.thecable.ng/bitcoin-price-drops-below-25000-lowest-since-december-2020/amp,"Bitcoin price drops below $25 , 000 -- lowest since December 2020",20220613T143000Z,https://f5p3e9e4.stackpathcdn.com/wp-content/uploads/2018/01/Bitcoin.jpg,thecable.ng,English,Nigeria
213,https://www.indiagazette.com/news/272566964/watch-out-for-these-crypto-coins-in-2022-ethereum-eth-solana-and-roboape-token-rba,,"Watch out for these Crypto Coins in 2022 : Ethereum ( ETH ), Solana and RoboApe Token ( RBA ) ",20220527T133000Z,https://cdn.bignewsnetwork.com/ani1653638862.jpg,indiagazette.com,English,India
214,https://www.theportugalnews.com/news/2022-05-25/get-completely-empowered-using-cryptos-like-calyx-token-clx-ethereum-eth-and-tron-trx/67345,https://amp.theportugalnews.com/news/2022-05-25/get-completely-empowered-using-cryptos-like-calyx-token-clx-ethereum-eth-and-tron-trx/67345,"Get Completely Empowered Using Cryptos Like Calyx Token ( CLX ), Ethereum ( ETH ), And TRON ( TRX ) ",20220525T134500Z,https://tpn-1.s3.eu-west-2.amazonaws.com/media/4247/cem22.jpg,theportugalnews.com,English,Portugal
215,https://news.webindia123.com/news/Articles/Business/20220618/3953242.html,,Will meme coins Dogecoin ( DOGE ) and Dogelon Mars ( ELON ) survive crypto winter or should you invest in Logarithmic Finance ( LOG ) instead ? ,20220618T060000Z,,news.webindia123.com,English,India
216,https://seekingalpha.com/news/3868848-crypto-mixer-tornado-cash-slapped-with-sanction-by-us-treasury,,Crypto mixer Tornado Cash slapped with sanction by U . S . Treasury,20220808T180000Z,https://static.seekingalpha.com/cdn/s3/uploads/getty_images/1329268006/image_1329268006.jpg?io=getty-c-w750,seekingalpha.com,English,United States
217,https://www.fool.com/investing/2022/06/20/key-driver-of-bitcoin-ethereum-solana-recovery/?source=iedfolrf0000001,,"The Key Driver Behind the Recovery in Bitcoin , Ethereum , and Solana Today",20220620T181500Z,https://g.foolcdn.com/editorial/images/685899/bitcoin5_snoRCsh.jpg,fool.com,English,United States
218,https://techcabal.com/2022/06/10/aave-aave-mushe-token-xmu-and-polygon-matic-are-brimming-with-potential/,,"Aave ( AAVE ), Mushe Token ( XMU ) and Polygon ( MATIC ) Are Brimming With Potential",20220610T153000Z,https://x7d4c5z5.stackpathcdn.com/wp-content/uploads/tc/2022/06/image-29.png,techcabal.com,English,Nigeria
219,https://www.coinspeaker.com/can-launchpads-prove-worthy-with-boostx-huobi-prime-ethereum-launchpad/,https://www.coinspeaker.com/can-launchpads-prove-worthy-with-boostx-huobi-prime-ethereum-launchpad/amp/,"Can Launchpads Prove Worthy to Investors with BoostX , Huobi Prime , and Ethereum Launchpad ? ",20220612T094500Z,https://www.coinspeaker.com/wp-content/uploads/2022/06/can-launchpads-prove-worthy-with-boostx-huobi-prime-ethereum-launchpad-2.jpg,coinspeaker.com,English,United States
220,https://www.deraktionaer.de/artikel/technischeanalyse/ethereum-positive-ueberraschung-20252954.html,,Ethereum : Positive Überraschung - DER AKTIONÄR,20220708T133000Z,https://images.boersenmedien.com/images/e9865f63-a69d-496c-b710-9fe0ae44bedb.jpg,deraktionaer.de,German,Germany
221,https://www.tradersmagazine.com/featured_articles/interactive-brokers-expands-cryptocurrency-trading/,,Interactive Brokers Expands Cryptocurrency Trading,20220812T164500Z,https://www.tradersmagazine.com/wp-content/uploads/2021/11/Steve-Sanders.jpg,tradersmagazine.com,English,United States
222,https://www.thesouthafrican.com/technology/cryptocurrencies/xrp-polygon-and-big-eyes-three-crypto-tokens-beginners-can-explore/,https://www.thesouthafrican.com/technology/cryptocurrencies/xrp-polygon-and-big-eyes-three-crypto-tokens-beginners-can-explore/amp,"XRP , Polygon and Big Eyes : Three Crypto Tokens beginners can explore",20220630T120000Z,http://www.thesouthafrican.com/wp-content/uploads/2022/06/Three-Tokens-to-explore-for-crypto-beginners-XRP-XRP-Polygon-MATIC-and-Big-Eyes-BIG-1.png,thesouthafrican.com,English,South Africa
223,https://seekingalpha.com/news/3863773-honduras-central-bank-cautions-about-cryptos-high-volatility-lack-of-backing,,Hondura central bank cautions about crypto high volatility ( Cryptocurrency : BTC - USD ) ,20220801T190000Z,https://static.seekingalpha.com/cdn/s3/uploads/getty_images/1315109888/image_1315109888.jpg?io=getty-c-w750,seekingalpha.com,English,United States
224,https://www.theportugalnews.com/news/2022-06-03/how-logarithmic-finance-log-plans-to-take-care-of-the-major-challenges-of-bitcoin-btc-and-ethereum-eth/67607,https://amp.theportugalnews.com/news/2022-06-03/how-logarithmic-finance-log-plans-to-take-care-of-the-major-challenges-of-bitcoin-btc-and-ethereum-eth/67607,How Logarithmic Finance ( LOG ) Plans To Take Care Of The Major Challenges Of Bitcoin ( BTC ) and Ethereum ( ETH ) ,20220603T111500Z,https://tpn-1.s3.eu-west-2.amazonaws.com/media/4482/41.jpg,theportugalnews.com,English,Portugal
225,https://www.newsbreak.com/news/2643108501108/twitter-board-endorses-elon-musk-takeover-urges-investors-to-vote-in-favor-of-the-deal,,"Twitter board endorses Elon Musk takeover , urges investors to vote in favor of the deal",20220621T191500Z,https://img.particlenews.com/img/id/0ydGzl_0gHFslvC00?type=thumbnail_1200x627&limit=20,newsbreak.com,English,
226,https://www.fool.com/investing/2022/06/16/should-crypto-investors-be-worried-right-now/?source=iedfolrf0000001,,Should Crypto Investors Be Worried Right Now ? ,20220616T104500Z,https://g.foolcdn.com/editorial/images/684981/person-sitting-at-a-computer-looking-uncertain.jpg,fool.com,English,United States
227,https://www.gulftoday.ae/business/2022/06/22/roboape-rba-ethereum-eth-and-shiba-inu-shib-will-survive-the-bear-market,,"RoboApe ( RBA ), Ethereum ( ETH ), and Shiba Inu ( SHIB ) Will Survive The Bear Market",20220622T110000Z,http://www.gulftoday.ae/-/media/gulf-today/images/articles/news/2022/6/22/sponsored.ashx?&hash=83BA69B0FB783A46F8B5C7C56D625A64,gulftoday.ae,English,United Arab Emirates
228,https://seekingalpha.com/news/3856531-south-africas-central-bank-wants-to-regulate-cryptos-possibly-issue-a-cbdc,,"South Africa central bank wants to regulate crypto , possibly issue a CBDC",20220713T193000Z,https://static.seekingalpha.com/cdn/s3/uploads/getty_images/477451698/image_477451698.jpg?io=getty-c-w750,seekingalpha.com,English,United States
229,https://actualidad.rt.com/actualidad/432285-paypal-introduce-opcion-transferir-bitcoin-billeteras-externas,https://actualidad.rt.com/actualidad/432285-paypal-introduce-opcion-transferir-bitcoin-billeteras-externas/amp,PayPal permite transferir bitcóin y otras criptomonedas a carteras externas,20220609T123000Z,https://cdni.russiatoday.com/actualidad/public_images/2022.06/article/62a19aa0e9ff715f5171a319.jpeg,actualidad.rt.com,Spanish,Russia
230,https://www.fool.com/investing/2022/06/06/why-i-dont-own-bitcoin-but-am-closely-watching-the/?source=iedfolrf0000001,,"Why I Dont Own Bitcoin , but Am Closely Watching These 2 Crypto Projects",20220606T144500Z,https://g.foolcdn.com/editorial/images/683575/bitcoin-mining.jpg,fool.com,English,United States
231,https://cointelegraph.com/news/bis-90-of-central-banks-are-researching-the-utility-of-cbdcs,https://cointelegraph.com/news/bis-90-of-central-banks-are-researching-the-utility-of-cbdcs/amp,BIS : 90 % of Central Banks are researching the utility of CBDCs,20220621T183000Z,https://images.cointelegraph.com/images/1200_aHR0cHM6Ly9zMy5jb2ludGVsZWdyYXBoLmNvbS91cGxvYWRzLzIwMjItMDYvN2U2MzYxN2ItMjUzOC00MjdjLWEwMjktYzQyMTdjM2Y1NjVhLmpwZw==.jpg,cointelegraph.com,English,China
232,https://www.fastcasual.com/news/chipotle-fans-winning-free-crypto/,,Chipotle fans winning free crypto,20220725T183000Z,https://nmgprod.s3.amazonaws.com/media/files/d2/ef/d2ef29cfd5c2942697eef409159ee1e4/cover_image_1658755984.png.760x400_q85_crop_upscale.png,fastcasual.com,English,United States
233,https://www.cryptoglobe.com/latest/2022/05/canadian-search-and-rescue-organization-starts-accepting-bitcoin-btc-and-ethereum-eth-donations/,https://www.cryptoglobe.com/latest/2022/05/canadian-search-and-rescue-organization-starts-accepting-bitcoin-btc-and-ethereum-eth-donations/amp/,Canadian Search and Rescue Organization Starts Accepting Bitcoin ( $BTC ) and Ethereum ( $ETH ) Donations,20220523T191500Z,https://cryptoglobe.s3.eu-west-2.amazonaws.com/2021/06/one-gold-Ethereum-and-one-gold-Bitcoin-768x509.jpg,cryptoglobe.com,English,
234,https://www.coinspeaker.com/pacman-frog-aave-algorand-coins-could-make-millionaires-2023/,https://www.coinspeaker.com/pacman-frog-aave-algorand-coins-could-make-millionaires-2023/amp/,"Pacman Frog ( PAC ), Aave ( AAVE ), and Algorand ( ALGO ): 3 Coins That Could Make Millionaires in 2023",20220523T151500Z,https://www.coinspeaker.com/wp-content/uploads/2022/05/pacman-frog-aave-algorand-coins-could-make-millionaires-2023.jpg,coinspeaker.com,English,United States
235,https://markets.financialcontent.com/stocks/quote?Symbol=365:2578131652,,Atari S . A . Stock Quote | Stock Price for PONGF | FinancialContent Business Page,20220602T183000Z,,markets.financialcontent.com,English,United States
236,https://investorplace.com/2022/07/ethereum-price-predictions-where-will-eth-go-as-the-merge-draws-near/,,Ethereum Price Predictions : Where Will ETH Go as the Merge Draws Near ? ,20220719T180000Z,https://investorplace.com/wp-content/uploads/2021/04/eth-1.jpg,investorplace.com,English,United States
237,https://news.webindia123.com/news/Articles/Business/20220520/3943495.html,,"3 cryptocurrencies to put up on your watchlist : Calyx Token ( CLX ), ApeCoin ( APE ), and Uniswap ( UNI ) ",20220520T060000Z,,news.webindia123.com,English,India
238,https://news.webindia123.com/news/Articles/Business/20220520/3943653.html,,Calyx Token ( CLX ) may be next smart Crypto option after Ethereum ( ETH ) ,20220520T144500Z,,news.webindia123.com,English,India
239,https://invezz.com/news/2022/05/23/crypto-market-highlights-quick-recap-of-bybit-x-nansens-report-for-may-2022/,https://invezz.com/news/2022/05/23/crypto-market-highlights-quick-recap-of-bybit-x-nansens-report-for-may-2022/?amp,Crypto market highlights : Quick recap of Bybit X Nansen report for May 2022,20220523T153000Z,https://invezz.com/wp-content/uploads/2022/05/128695998-l-scaled.jpg,invezz.com,English,United Kingdom
240,https://cointelegraph.com/news/paypal-enables-transfer-of-digital-currencies-to-external-wallets,https://cointelegraph.com/news/paypal-enables-transfer-of-digital-currencies-to-external-wallets/amp,PayPal enables transfer of digital currencies to external wallets,20220607T220000Z,https://images.cointelegraph.com/images/1200_aHR0cHM6Ly9zMy5jb2ludGVsZWdyYXBoLmNvbS91cGxvYWRzLzIwMjItMDYvZTBkYTQzM2UtNDY4Ny00MWZlLTg4ZTAtYmEyMGFjNGNkOTA0LmpwZw==.jpg,cointelegraph.com,English,China
241,https://www.coinspeaker.com/how-inability-of-aave-compound-mark-dawn-for-sanzooz-finance/,https://www.coinspeaker.com/how-inability-of-aave-compound-mark-dawn-for-sanzooz-finance/amp/,How Does the Inability of Platforms Like Aave ( AAVE ) and Compound ( COMP ) Mark a New Dawn for Sanzooz Finance ( SZFT )? ,20220530T170000Z,https://www.coinspeaker.com/wp-content/uploads/2022/05/how-inability-of-aave-compound-mark-dawn-for-sanzooz-finance-2.jpg,coinspeaker.com,English,United States
242,https://investorplace.com/2022/06/shiba-inu-price-predictions-where-will-the-red-hot-shib-crypto-go-next/,,Shiba Inu Price Predictions : Where Will the Red - Hot SHIB Crypto Go Next ? ,20220621T194500Z,https://investorplace.com/wp-content/uploads/2021/12/shib-2.jpg,investorplace.com,English,United States
243,https://investorplace.com/2022/07/ethereum-classic-price-predictions-where-will-antpool-take-the-etc-crypto/,,Ethereum Classic Price Predictions : Where Will AntPool Take the ETC Crypto ? ,20220729T154500Z,https://investorplace.com/wp-content/uploads/2021/05/etc-2.jpg,investorplace.com,English,United States
244,https://u.today/dogecoin-and-polkadot-now-supported-by-japans-bitbank,https://u.today/dogecoin-and-polkadot-now-supported-by-japans-bitbank?amp,Dogecoin and Polkadot Now Supported by Japan Bitbank,20220803T090000Z,https://u.today/sites/default/files/styles/twitter/public/2022-08/20452.jpg,u.today,English,
245,https://www.theportugalnews.com/news/2022-06-06/bitcoin-btc-ethereum-eth-and-logarithmic-finance-log-are-great-choices-to-hodl-onto-this-bear-season/67656,https://amp.theportugalnews.com/news/2022-06-06/bitcoin-btc-ethereum-eth-and-logarithmic-finance-log-are-great-choices-to-hodl-onto-this-bear-season/67656,"Bitcoin ( BTC ), Ethereum ( ETH ), and Logarithmic Finance ( LOG ) Are Great Choices To HODL Onto This Bear Season",20220606T191500Z,https://tpn-1.s3.eu-west-2.amazonaws.com/media/4516/51.jpg,theportugalnews.com,English,Portugal
246,https://invezz.com/news/2022/06/24/axie-infinity-axs-surges-17-because-of-this-development/,https://invezz.com/news/2022/06/24/axie-infinity-axs-surges-17-because-of-this-development/?amp,Axie Infinity ( AXS ) surges 17 % because of this development,20220624T153000Z,https://invezz.com/wp-content/uploads/2022/06/axie-infinity-axs-surges.jpg,invezz.com,English,United Kingdom
247,https://www.diariouno.com.ar/economia/el-dolar-blue-hoy-mendoza-se-mantiene-estable-mientras-se-dispara-el-bitcoin-n1036684,,El dólar blue hoy en Mendoza se mantiene estable mientras se dispara el Bitcoin,20220811T193000Z,https://media.diariouno.com.ar/p/1f04b3b206148c7b3e8d911496cebf59/adjuntos/298/imagenes/008/249/0008249840/1200x675/smart/el-bitcoin-cuales-son-los-riesgos-y-que-hay-que-saberjpg.jpg,diariouno.com.ar,Spanish,Argentina
248,https://www.thehindubusinessline.com/money-and-banking/cryptocurrency/coinswitch-launches-cre8-a-benchmark-index-for-crypto-market-in-inr/article65487419.ece,https://www.thehindubusinessline.com/money-and-banking/cryptocurrency/coinswitch-launches-cre8-a-benchmark-index-for-crypto-market-in-inr/article65487419.ece/amp/,"CoinSwitch launches CRE8 , a benchmark index for crypto market in INR",20220602T143000Z,https://www.thehindubusinessline.com/incoming/q2dvd3/article65281436.ece/alternates/LANDSCAPE_615/%282MB%20file%29%20Ashish%20Singhal-%20Founder%20and%20CEO%2C%20CoinSwitch%20.jpeg,thehindubusinessline.com,English,India
249,https://seekingalpha.com/news/3842372-shark-tanks-kevin-oleary-says-crypto-will-be-the-12th-sp-500-sector,,Kevin OLeary says crypto will be the 12th S & P 500 sector ( Cryptocurrency : BTC - USD ) ,20220524T193000Z,https://static.seekingalpha.com/cdn/s3/uploads/getty_images/498356090/image_498356090.jpg?io=getty-c-w750,seekingalpha.com,English,United States
